DateTime,Temperature,Humidity,CO2,pH,EC,"
"
2025-10-27 00:00:00.150560,25.473,57.411,488.788,7.131,1942.998,"
"
2025-10-27 00:01:00.139456,25.473,56.832,488.788,7.131,1942.998,"
"
2025-10-27 00:02:00.978066,25.464,58.127,488.788,7.131,1942.998,"
"
2025-10-27 00:03:01.194972,25.608,66.779,491.247,7.131,1942.998,"
"
2025-10-27 00:04:01.195237,25.503,68.544,491.175,7.131,1942.998,"
"
2025-10-27 00:05:00.138363,25.473,67.933,488.788,7.131,1945.891,"
"
2025-10-27 00:06:00.119280,25.030,67.741,486.907,7.131,1942.998,"
"
2025-10-27 00:07:00.158268,24.952,67.929,488.788,7.131,1942.998,"
"
2025-10-27 00:08:00.121056,24.731,68.037,486.328,7.131,1942.998,"
"
2025-10-27 00:09:00.119260,24.731,68.139,486.328,7.122,1945.891,"
"
2025-10-27 00:10:00.126379,24.583,67.640,483.869,5.995,1947.338,"
"
2025-10-27 00:11:00.127064,24.436,67.622,483.869,6.740,1945.891,"
"
2025-10-27 00:12:00.116075,24.436,68.236,486.328,6.868,1942.998,"
"
2025-10-27 00:13:00.133124,24.436,68.645,483.869,6.909,1945.891,"
"
2025-10-27 00:14:00.151781,24.410,68.916,483.869,6.868,1945.891,"
"
2025-10-27 00:15:00.133816,24.362,68.934,483.869,6.939,1945.891,"
"
2025-10-27 00:16:00.125550,24.579,69.137,486.328,6.900,1945.891,"
"
2025-10-27 00:17:00.127417,24.319,69.354,483.869,6.929,1945.891,"
"
2025-10-27 00:18:00.124713,24.436,69.455,486.328,6.909,1945.891,"
"
2025-10-27 00:19:00.145723,24.353,69.661,485.894,6.909,1945.891,"
"
2025-10-27 00:20:00.133040,24.375,69.756,486.328,6.909,1945.891,"
"
2025-10-27 00:21:00.121782,24.436,69.864,489.077,6.920,1945.891,"
"
2025-10-27 00:22:00.131716,24.379,69.958,488.788,6.929,1945.891,"
"
2025-10-27 00:23:00.126602,24.523,69.350,491.247,6.928,1942.998,"
"
2025-10-27 00:24:00.123485,24.288,67.517,491.536,6.939,1945.891,"
"
2025-10-27 00:25:00.126993,24.288,66.739,496.238,6.980,1945.891,"
"
2025-10-27 00:26:00.132522,23.845,66.638,493.779,6.970,1945.891,"
"
2025-10-27 00:27:00.380014,23.811,66.236,493.779,6.989,1945.891,"
"
2025-10-27 00:28:00.131029,23.694,66.059,493.779,6.879,1945.891,"
"
2025-10-27 00:29:00.135632,23.546,65.520,491.247,6.878,1945.891,"
"
2025-10-27 00:30:00.114330,23.398,65.220,493.779,6.878,1945.891,"
"
2025-10-27 00:31:00.127801,23.394,65.017,493.779,6.074,1945.891,"
"
2025-10-27 00:32:00.114665,23.398,65.853,496.383,5.946,1945.891,"
"
2025-10-27 00:33:00.122596,23.546,66.840,501.157,5.874,1945.891,"
"
2025-10-27 00:34:00.117293,23.572,65.853,503.472,5.833,1945.891,"
"
2025-10-27 00:35:00.123114,23.516,66.746,501.230,5.794,1945.891,"
"
2025-10-27 00:36:00.108941,23.546,67.350,503.617,6.738,1945.891,"
"
2025-10-27 00:37:01.220703,23.698,67.929,504.847,6.900,1945.891,"
"
2025-10-27 00:38:00.116183,23.806,68.330,506.076,6.908,1945.891,"
"
2025-10-27 00:39:00.137672,23.789,68.739,506.076,6.879,1945.891,"
"
2025-10-27 00:40:00.117158,23.984,69.119,508.247,7.130,1945.891,"
"
2025-10-27 00:41:00.111290,23.993,69.227,506.076,7.109,1948.785,"
"
2025-10-27 00:42:00.117574,23.993,69.126,506.076,7.100,1945.891,"
"
2025-10-27 00:43:00.121018,23.993,68.743,506.076,7.121,1945.891,"
"
2025-10-27 00:44:00.131993,23.993,68.439,503.906,7.121,1945.891,"
"
2025-10-27 00:45:00.138090,23.993,68.638,503.617,7.130,1945.891,"
"
2025-10-27 00:46:00.130007,23.993,68.638,501.591,7.150,1945.891,"
"
2025-10-27 00:47:00.120404,23.993,72.956,498.698,7.150,1945.891,"
"
2025-10-27 00:48:00.117514,23.845,72.645,498.698,7.142,1945.891,"
"
2025-10-27 00:49:00.127311,23.993,72.754,498.698,7.141,1945.891,"
"
2025-10-27 00:50:00.131368,23.997,73.058,496.383,7.141,1945.891,"
"
2025-10-27 00:51:00.128608,24.149,72.848,498.698,7.130,1945.891,"
"
2025-10-27 00:52:00.123563,24.141,73.148,496.238,7.130,1945.891,"
"
2025-10-27 00:53:00.131630,24.141,73.155,493.779,7.130,1945.891,"
"
2025-10-27 00:54:00.126785,24.141,71.354,491.247,7.130,1945.891,"
"
2025-10-27 00:55:00.124090,23.993,70.747,491.247,7.121,1945.891,"
"
2025-10-27 00:56:00.125130,23.845,70.450,488.788,7.121,1945.891,"
"
2025-10-27 00:57:00.129490,23.563,69.448,488.788,7.121,1945.891,"
"
2025-10-27 00:58:00.109546,23.398,68.544,488.498,7.121,1945.891,"
"
2025-10-27 00:59:00.133936,23.260,67.347,488.860,7.121,1945.891,"
"
2025-10-27 01:00:00.131797,23.134,66.750,488.788,7.130,1945.891,"
"
2025-10-27 01:01:00.137946,23.103,65.954,486.328,7.130,1945.891,"
"
2025-10-27 01:02:00.113794,22.956,65.527,488.788,7.130,1945.891,"
"
2025-10-27 01:03:00.121030,22.808,64.909,488.788,7.130,1945.891,"
"
2025-10-27 01:04:00.130291,22.778,64.630,488.788,7.130,1945.891,"
"
2025-10-27 01:05:01.796277,22.734,64.327,486.617,7.130,1945.891,"
"
2025-10-27 01:06:01.794564,22.773,64.634,490.668,7.130,1945.891,"
"
2025-10-27 01:07:00.131497,22.747,65.205,493.634,7.130,1945.891,"
"
2025-10-27 01:08:00.124684,22.808,63.824,492.549,7.128,1945.891,"
"
2025-10-27 01:09:00.118059,22.808,63.618,491.247,7.130,1945.891,"
"
2025-10-27 01:10:00.125450,22.656,63.549,491.102,7.128,1947.338,"
"
2025-10-27 01:11:00.126356,22.509,63.035,491.247,7.130,1945.891,"
"
2025-10-27 01:12:00.115794,22.509,62.623,495.949,6.287,1948.785,"
"
2025-10-27 01:13:00.156046,22.361,62.417,496.094,6.164,1945.891,"
"
2025-10-27 01:14:00.123328,22.335,61.921,493.779,6.103,1947.338,"
"
2025-10-27 01:15:00.149261,22.214,61.509,494.719,6.073,1947.338,"
"
2025-10-27 01:16:00.126663,22.179,61.306,496.021,6.043,1947.338,"
"
2025-10-27 01:17:00.134105,22.188,61.107,498.843,6.023,1948.785,"
"
2025-10-27 01:18:00.122463,22.209,60.930,503.617,6.014,1950.231,"
"
2025-10-27 01:19:00.114645,22.140,60.623,506.004,5.993,1945.891,"
"
2025-10-27 01:20:01.217396,22.214,62.634,506.076,5.982,1947.338,"
"
2025-10-27 01:21:01.318614,22.361,63.918,508.536,5.973,1945.891,"
"
2025-10-27 01:22:00.344064,22.361,64.536,508.536,5.961,1947.338,"
"
2025-10-27 01:23:00.141386,22.509,65.010,506.149,5.945,1945.891,"
"
2025-10-27 01:24:00.118689,22.656,65.513,508.536,5.945,1945.891,"
"
2025-10-27 01:25:00.143874,22.808,66.041,510.923,5.932,1947.338,"
"
2025-10-27 01:26:00.132898,22.695,66.634,509.838,5.933,1947.338,"
"
2025-10-27 01:27:00.114677,22.934,67.133,513.527,5.924,1947.338,"
"
2025-10-27 01:28:00.118751,22.956,67.520,511.936,5.924,1947.338,"
"
2025-10-27 01:29:00.123162,22.956,66.432,508.536,5.912,1947.338,"
"
2025-10-27 01:30:00.124381,22.730,65.524,508.536,5.904,1945.891,"
"
2025-10-27 01:31:00.132201,22.656,64.909,507.957,5.912,1947.338,"
"
2025-10-27 01:32:00.342143,22.509,65.003,508.536,5.894,1947.338,"
"
2025-10-27 01:33:00.134748,22.361,64.905,508.536,5.892,1947.338,"
"
2025-10-27 01:34:00.148651,22.361,64.724,508.536,5.894,1947.338,"
"
2025-10-27 01:35:00.133632,22.361,64.634,503.617,5.894,1947.338,"
"
2025-10-27 01:36:00.130300,22.509,64.222,505.932,5.894,1948.785,"
"
2025-10-27 01:37:00.137800,22.370,64.218,506.076,5.894,1947.338,"
"
2025-10-27 01:38:00.123675,22.361,64.837,506.076,5.894,1948.785,"
"
2025-10-27 01:39:00.137038,22.361,65.104,508.536,5.894,1950.231,"
"
2025-10-27 01:40:00.136881,22.370,65.213,509.476,5.692,1948.785,"
"
2025-10-27 01:41:00.125291,22.509,65.205,508.536,5.763,1950.231,"
"
2025-10-27 01:42:00.139061,22.509,65.951,506.149,5.724,1948.785,"
"
2025-10-27 01:43:01.910995,22.509,65.849,510.995,5.732,1950.231,"
"
2025-10-27 01:44:00.128372,22.656,65.614,506.221,5.762,1948.785,"
"
2025-10-27 01:45:00.132232,22.695,65.947,506.366,5.784,1948.785,"
"
2025-10-27 01:46:00.126483,22.812,66.146,506.149,5.783,1948.785,"
"
2025-10-27 01:47:00.127860,22.808,66.327,506.076,5.793,1948.785,"
"
2025-10-27 01:48:00.123658,22.808,66.330,508.536,5.824,1950.231,"
"
2025-10-27 01:49:00.126121,22.808,66.421,506.583,5.824,1950.231,"
"
2025-10-27 01:50:00.125081,22.808,66.330,508.536,5.824,1950.231,"
"
2025-10-27 01:51:00.129952,22.808,65.618,509.910,5.824,1948.785,"
"
2025-10-27 01:52:00.128636,22.773,64.229,509.766,5.824,1947.338,"
"
2025-10-27 01:53:00.171734,22.656,63.925,509.766,5.824,1947.338,"
"
2025-10-27 01:54:00.117632,22.509,63.448,510.995,5.824,1947.338,"
"
2025-10-27 01:55:00.141316,22.509,63.028,513.527,5.811,1947.338,"
"
2025-10-27 01:56:00.320681,22.452,62.826,513.527,5.804,1947.338,"
"
2025-10-27 01:57:00.121495,22.214,62.829,512.587,5.813,1947.338,"
"
2025-10-27 01:58:00.110815,22.101,63.039,510.995,5.824,1947.338,"
"
2025-10-27 01:59:00.116151,22.205,63.614,511.212,5.811,1947.338,"
"
2025-10-27 02:00:01.194551,22.214,63.921,510.995,5.811,1950.231,"
"
2025-10-27 02:01:00.129578,22.222,64.424,510.995,5.824,1950.231,"
"
2025-10-27 02:02:00.144429,22.361,64.829,513.527,5.824,1948.785,"
"
2025-10-27 02:03:00.132755,22.439,65.111,513.527,5.824,1950.231,"
"
2025-10-27 02:04:00.127774,22.509,65.621,515.914,5.823,1948.785,"
"
2025-10-27 02:05:00.120012,22.656,65.842,518.446,5.824,1948.785,"
"
2025-10-27 02:06:01.819912,22.656,65.947,513.527,5.811,1948.785,"
"
2025-10-27 02:07:00.178061,22.656,65.947,515.987,5.824,1948.785,"
"
2025-10-27 02:08:00.191180,22.661,66.149,513.527,5.823,1950.231,"
"
2025-10-27 02:09:00.189558,22.808,66.330,513.817,5.823,1948.785,"
"
2025-10-27 02:10:01.818485,22.808,66.435,515.480,5.804,1950.231,"
"
2025-10-27 02:11:01.198383,22.882,66.045,515.987,5.803,1948.785,"
"
2025-10-27 02:12:00.270368,22.691,63.827,512.297,5.803,1948.785,"
"
2025-10-27 02:13:00.122538,22.656,63.918,508.825,5.642,1950.231,"
"
2025-10-27 02:14:00.234582,22.652,63.336,510.995,5.744,1950.231,"
"
2025-10-27 02:15:00.233445,22.504,62.731,513.383,5.752,1950.231,"
"
2025-10-27 02:16:00.238315,22.214,62.833,510.995,5.773,1950.231,"
"
2025-10-27 02:17:00.143061,22.075,62.019,511.068,5.763,1950.231,"
"
2025-10-27 02:18:00.180289,22.214,64.218,511.068,5.793,1950.231,"
"
2025-10-27 02:19:00.175775,22.361,65.412,510.995,5.793,1950.231,"
"
2025-10-27 02:20:00.181031,22.431,65.943,513.527,5.793,1950.231,"
"
2025-10-27 02:21:00.172485,22.509,66.432,513.527,5.793,1950.231,"
"
2025-10-27 02:22:00.179855,22.656,66.837,513.527,5.804,1950.231,"
"
2025-10-27 02:23:00.188765,22.812,67.339,515.987,5.793,1950.231,"
"
2025-10-27 02:24:02.510469,22.808,67.719,513.527,5.804,1950.231,"
"
2025-10-27 02:25:00.209191,22.878,68.027,513.383,5.804,1950.231,"
"
2025-10-27 02:26:01.315175,22.956,68.327,515.697,5.784,1950.231,"
"
2025-10-27 02:27:00.220089,22.956,68.533,513.527,5.784,1950.231,"
"
2025-10-27 02:28:00.221313,23.103,68.634,510.995,5.784,1950.231,"
"
2025-10-27 02:29:00.241939,23.103,67.723,510.995,5.774,1950.231,"
"
2025-10-27 02:30:00.230729,22.808,66.157,508.536,5.773,1950.231,"
"
2025-10-27 02:31:00.229729,22.808,65.516,510.995,5.773,1950.231,"
"
2025-10-27 02:32:00.148559,22.656,65.310,510.995,5.784,1950.231,"
"
2025-10-27 02:33:00.223894,22.656,65.314,513.455,5.783,1950.231,"
"
2025-10-27 02:34:00.140882,22.509,64.833,510.923,5.773,1950.231,"
"
2025-10-27 02:35:00.123962,22.509,64.435,510.995,5.773,1948.785,"
"
2025-10-27 02:36:00.135157,22.426,64.222,508.536,5.752,1950.231,"
"
2025-10-27 02:37:00.162994,22.400,63.813,506.076,5.762,1950.231,"
"
2025-10-27 02:38:00.130768,22.361,63.542,506.076,5.752,1950.231,"
"
2025-10-27 02:39:00.136748,22.361,63.433,503.617,5.773,1950.231,"
"
2025-10-27 02:40:00.148684,22.214,63.715,502.604,5.773,1948.785,"
"
2025-10-27 02:41:00.160849,22.365,64.327,503.617,5.773,1950.231,"
"
2025-10-27 02:42:00.156548,22.365,64.533,501.157,5.773,1948.785,"
"
2025-10-27 02:43:00.163237,22.487,64.833,498.698,5.771,1950.231,"
"
2025-10-27 02:44:00.180016,22.470,64.721,498.698,5.643,1950.231,"
"
2025-10-27 02:45:01.211673,22.639,64.822,501.157,5.724,1950.231,"
"
2025-10-27 02:46:00.191033,22.509,64.833,499.928,5.743,1950.231,"
"
2025-10-27 02:47:00.204579,22.509,64.829,501.157,5.773,1950.231,"
"
2025-10-27 02:48:00.214189,22.509,65.111,501.591,5.773,1950.231,"
"
2025-10-27 02:49:00.213447,22.509,65.318,502.387,5.783,1950.231,"
"
2025-10-27 02:50:01.906493,22.656,65.209,501.664,5.804,1954.572,"
"
2025-10-27 02:51:00.225855,22.721,64.829,503.617,5.803,1953.125,"
"
2025-10-27 02:52:00.241084,22.656,63.545,506.076,5.803,1948.785,"
"
2025-10-27 02:53:00.239609,22.500,63.133,501.157,5.811,1948.785,"
"
2025-10-27 02:54:00.156839,22.214,62.533,503.617,5.804,1950.231,"
"
2025-10-27 02:55:00.118074,22.214,62.109,505.136,5.803,1948.785,"
"
2025-10-27 02:56:00.161067,22.070,64.424,503.617,5.803,1950.231,"
"
2025-10-27 02:57:00.386946,22.214,65.404,502.387,5.803,1948.785,"
"
2025-10-27 02:58:00.189945,22.461,66.041,501.157,5.784,1950.231,"
"
2025-10-27 02:59:00.319058,22.509,66.421,501.591,5.783,1950.231,"
"
2025-10-27 03:00:00.188357,22.522,66.837,506.076,5.783,1948.785,"
"
2025-10-27 03:01:00.193428,22.808,67.332,508.536,5.692,1950.231,"
"
2025-10-27 03:02:00.199554,22.656,67.716,506.076,5.682,1950.231,"
"
2025-10-27 03:03:00.206566,22.799,67.918,506.076,5.672,1950.231,"
"
2025-10-27 03:04:00.199336,22.821,68.121,508.030,5.662,1950.231,"
"
2025-10-27 03:05:00.208343,22.956,68.229,507.306,5.692,1950.231,"
"
2025-10-27 03:06:01.207285,22.956,68.135,507.378,5.712,1950.231,"
"
2025-10-27 03:07:00.979263,23.103,67.922,506.076,6.436,1954.572,"
"
2025-10-27 03:08:01.310131,23.251,67.820,506.221,5.953,1953.125,"
"
2025-10-27 03:09:00.216970,23.325,67.441,508.536,5.831,1953.125,"
"
2025-10-27 03:10:00.220548,23.398,67.043,506.076,5.864,1953.125,"
"
2025-10-27 03:11:00.228987,23.138,64.724,503.762,6.053,1953.125,"
"
2025-10-27 03:12:00.132357,22.956,64.522,503.617,6.143,1953.125,"
"
2025-10-27 03:13:00.144314,22.752,64.522,501.157,6.183,1948.785,"
"
2025-10-27 03:14:00.162851,22.656,64.428,498.698,6.174,1953.125,"
"
2025-10-27 03:15:00.169234,22.509,64.525,498.698,7.148,1950.231,"
"
2025-10-27 03:16:00.155090,22.509,64.218,498.698,6.133,1953.125,"
"
2025-10-27 03:17:00.164321,22.509,63.817,496.238,6.023,1948.785,"
"
2025-10-27 03:18:00.190300,22.509,63.542,496.383,6.001,1950.231,"
"
2025-10-27 03:19:00.385472,22.370,63.133,498.698,5.973,1950.231,"
"
2025-10-27 03:20:00.845762,22.361,62.829,496.455,5.993,1953.125,"
"
2025-10-27 03:21:00.178320,22.222,62.619,498.698,5.993,1950.231,"
"
2025-10-27 03:22:00.189543,22.205,62.218,499.928,6.696,1953.125,"
"
2025-10-27 03:23:00.253892,22.122,62.428,501.013,6.657,1953.125,"
"
2025-10-27 03:24:00.205826,22.183,62.826,501.157,6.707,1950.231,"
"
2025-10-27 03:25:00.232057,22.153,63.614,498.698,6.728,1948.785,"
"
2025-10-27 03:26:01.217001,22.214,64.015,501.157,6.750,1950.231,"
"
2025-10-27 03:27:00.218542,22.214,63.440,500.723,6.730,1953.125,"
"
2025-10-27 03:28:00.242612,22.231,64.117,503.617,6.788,1950.231,"
"
2025-10-27 03:29:00.233038,22.214,64.417,503.545,7.019,1948.785,"
"
2025-10-27 03:30:00.240933,22.214,64.008,501.157,6.474,1948.785,"
"
2025-10-27 03:31:00.273207,22.214,64.623,503.617,6.866,1948.785,"
"
2025-10-27 03:32:00.161561,22.214,64.529,503.617,6.596,1950.231,"
"
2025-10-27 03:33:00.247100,22.214,63.336,503.617,6.495,1950.231,"
"
2025-10-27 03:34:00.173710,22.075,62.923,502.387,6.474,1953.125,"
"
2025-10-27 03:35:01.794051,22.066,62.627,498.770,6.223,1950.231,"
"
2025-10-27 03:36:00.166660,22.066,64.214,498.698,6.266,1950.231,"
"
2025-10-27 03:37:00.148112,22.214,65.516,498.698,6.062,1953.125,"
"
2025-10-27 03:38:00.235080,22.352,66.041,500.506,5.892,1953.125,"
"
2025-10-27 03:39:00.187469,22.361,66.627,498.698,6.696,1953.125,"
"
2025-10-27 03:40:00.223490,22.509,66.938,498.698,6.757,1953.125,"
"
2025-10-27 03:41:00.445827,22.509,67.242,496.817,6.757,1953.125,"
"
2025-10-27 03:42:00.207868,22.548,67.506,493.779,6.596,1953.125,"
"
2025-10-27 03:43:00.121881,22.656,67.614,493.779,6.628,1953.125,"
"
2025-10-27 03:44:01.221144,22.730,67.817,496.238,6.588,1953.125,"
"
2025-10-27 03:45:01.204529,22.808,67.817,493.779,6.596,1953.125,"
"
2025-10-27 03:46:00.978737,22.808,67.716,493.779,7.148,1953.125,"
"
2025-10-27 03:47:01.224223,22.956,67.716,493.779,5.953,1953.125,"
"
2025-10-27 03:48:00.150320,23.103,67.618,493.779,5.752,1954.572,"
"
2025-10-27 03:49:00.140117,23.242,67.433,491.247,5.642,1950.231,"
"
2025-10-27 03:50:00.149396,23.251,67.339,491.247,5.591,1948.785,"
"
2025-10-27 03:51:00.351623,23.385,67.242,491.247,5.562,1948.785,"
"
2025-10-27 03:52:00.121009,23.546,67.032,491.247,5.522,1953.125,"
"
2025-10-27 03:53:00.130009,23.529,66.323,488.932,5.492,1953.125,"
"
2025-10-27 03:54:00.129989,23.398,65.227,486.473,5.461,1953.125,"
"
2025-10-27 03:55:01.213675,23.103,64.225,486.328,5.433,1953.125,"
"
2025-10-27 03:56:01.214793,22.808,64.428,488.788,5.413,1950.231,"
"
2025-10-27 03:57:00.142216,22.908,64.222,488.788,5.393,1950.231,"
"
2025-10-27 03:58:00.134378,22.656,64.113,490.017,5.381,1954.572,"
"
2025-10-27 03:59:00.130496,22.509,64.019,486.328,5.353,1948.785,"
"
2025-10-27 04:00:00.132052,22.622,63.813,486.328,5.340,1950.231,"
"
2025-10-27 04:01:00.143377,22.396,63.440,486.617,5.320,1948.785,"
"
2025-10-27 04:02:00.129015,22.504,63.137,489.077,5.320,1950.231,"
"
2025-10-27 04:03:00.165847,22.283,63.241,486.328,5.300,1953.125,"
"
2025-10-27 04:04:00.119846,22.253,62.627,487.558,5.292,1953.125,"
"
2025-10-27 04:05:00.135432,22.270,62.221,487.558,5.271,1953.125,"
"
2025-10-27 04:06:00.111076,22.214,62.417,486.473,5.261,1953.125,"
"
2025-10-27 04:07:00.131258,22.079,62.826,483.869,5.251,1953.125,"
"
2025-10-27 04:08:00.145847,22.066,63.336,486.256,5.241,1953.125,"
"
2025-10-27 04:09:00.113778,22.205,63.715,483.941,5.241,1953.125,"
"
2025-10-27 04:10:00.119175,22.214,64.117,485.098,5.221,1953.125,"
"
2025-10-27 04:11:00.119566,22.066,63.607,483.869,5.221,1953.125,"
"
2025-10-27 04:12:00.122979,22.070,63.914,483.869,5.212,1953.125,"
"
2025-10-27 04:13:00.116945,22.214,64.218,485.026,5.212,1954.572,"
"
2025-10-27 04:14:00.112993,22.214,64.117,486.328,5.191,1953.125,"
"
2025-10-27 04:15:00.135793,22.361,64.525,491.247,5.191,1954.572,"
"
2025-10-27 04:16:01.221011,22.222,63.133,491.247,5.191,1953.125,"
"
2025-10-27 04:17:01.310893,22.209,62.934,491.247,5.181,1953.125,"
"
2025-10-27 04:18:00.140598,22.066,62.920,488.788,5.161,1953.125,"
"
2025-10-27 04:19:00.122140,21.997,62.525,490.741,5.151,1953.125,"
"
2025-10-27 04:20:00.129875,22.031,63.712,488.788,5.161,1953.125,"
"
2025-10-27 04:21:00.134754,22.066,64.999,487.268,5.141,1953.125,"
"
2025-10-27 04:22:01.910448,22.075,65.842,487.558,5.161,1953.125,"
"
2025-10-27 04:23:01.216925,22.326,66.327,483.869,5.171,1953.125,"
"
2025-10-27 04:24:00.122060,22.370,66.728,483.869,5.181,1953.125,"
"
2025-10-27 04:25:00.137128,22.509,67.025,486.039,5.160,1953.125,"
"
2025-10-27 04:26:00.116089,22.509,67.343,478.950,5.161,1953.125,"
"
2025-10-27 04:27:00.126019,22.513,67.513,478.950,5.151,1953.125,"
"
2025-10-27 04:28:00.137121,22.656,67.716,478.950,5.141,1953.125,"
"
2025-10-27 04:29:00.117309,22.804,67.614,476.490,5.141,1953.125,"
"
2025-10-27 04:30:01.310777,22.808,67.622,473.958,5.141,1953.125,"
"
2025-10-27 04:31:00.346436,22.956,67.437,471.499,5.141,1953.125,"
"
2025-10-27 04:32:00.115883,23.103,67.350,471.499,5.132,1953.125,"
"
2025-10-27 04:33:01.306480,23.103,67.235,469.039,5.132,1953.125,"
"
2025-10-27 04:34:00.120426,23.251,67.137,471.354,5.132,1953.125,"
"
2025-10-27 04:35:00.125127,23.390,66.840,471.499,5.132,1953.125,"
"
2025-10-27 04:36:00.140204,23.398,66.837,469.039,5.120,1953.125,"
"
2025-10-27 04:37:00.108417,23.416,66.728,466.580,5.111,1953.125,"
"
2025-10-27 04:38:00.139035,23.537,66.631,466.508,5.111,1953.125,"
"
2025-10-27 04:39:00.114310,23.550,66.428,468.099,5.111,1953.125,"
"
2025-10-27 04:40:01.798354,23.546,65.719,466.580,5.111,1953.125,"
"
2025-10-27 04:41:00.110464,23.394,64.222,469.039,5.100,1953.125,"
"
2025-10-27 04:42:00.142180,23.103,63.715,473.958,5.100,1953.125,"
"
2025-10-27 04:43:00.127095,22.956,64.019,476.562,5.100,1953.125,"
"
2025-10-27 04:44:00.155702,22.808,64.023,478.950,5.099,1953.125,"
"
2025-10-27 04:45:00.143547,22.656,63.918,478.009,5.099,1953.125,"
"
2025-10-27 04:46:00.143779,22.656,63.603,478.950,5.099,1953.125,"
"
2025-10-27 04:47:02.423844,22.509,63.440,477.720,5.091,1953.125,"
"
2025-10-27 04:48:01.204495,22.504,63.122,478.950,5.082,1953.125,"
"
2025-10-27 04:49:00.112121,22.361,62.721,480.903,5.071,1953.125,"
"
2025-10-27 04:50:00.132166,22.361,62.424,476.635,5.050,1953.125,"
"
2025-10-27 04:51:00.122641,22.214,62.019,478.950,5.070,1953.125,"
"
2025-10-27 04:52:00.144673,22.066,62.297,476.490,5.082,1953.125,"
"
2025-10-27 04:53:00.122689,22.214,62.818,478.950,5.091,1953.125,"
"
2025-10-27 04:54:00.982943,22.157,63.531,476.490,5.099,1953.125,"
"
2025-10-27 04:55:00.113821,22.153,63.914,473.958,5.099,1953.125,"
"
2025-10-27 04:56:00.210653,22.214,64.323,472.512,5.082,1954.572,"
"
2025-10-27 04:57:00.141132,22.361,63.914,471.499,5.082,1953.125,"
"
2025-10-27 04:58:00.130964,22.214,63.607,471.427,5.082,1953.125,"
"
2025-10-27 04:59:00.113690,22.361,64.012,471.499,5.082,1953.125,"
"
2025-10-27 05:00:00.126177,22.361,64.019,471.499,5.082,1953.125,"
"
2025-10-27 05:01:00.129101,22.361,64.345,471.499,5.071,1953.125,"
"
2025-10-27 05:02:00.118507,22.365,64.431,474.248,5.071,1953.125,"
"
2025-10-27 05:03:00.117376,22.231,62.938,476.490,5.071,1953.125,"
"
2025-10-27 05:04:01.906897,22.066,62.652,477.720,5.050,1953.125,"
"
2025-10-27 05:05:00.128882,22.066,62.529,476.490,5.049,1954.572,"
"
2025-10-27 05:06:00.140556,21.918,63.936,478.950,5.049,1954.572,"
"
2025-10-27 05:07:00.125154,22.214,65.213,481.264,5.050,1953.125,"
"
2025-10-27 05:08:00.126963,22.070,66.063,478.950,5.041,1953.125,"
"
2025-10-27 05:09:00.146523,22.214,66.341,473.958,5.041,1953.125,"
"
2025-10-27 05:10:00.119053,22.400,66.757,471.499,5.041,1953.125,"
"
2025-10-27 05:11:00.132990,22.478,67.242,471.499,5.041,1953.125,"
"
2025-10-27 05:12:00.301168,22.509,67.347,469.039,5.041,1953.125,"
"
2025-10-27 05:13:00.123265,22.652,67.549,471.571,5.041,1953.125,"
"
2025-10-27 05:14:00.132488,22.656,67.636,469.039,5.041,1953.125,"
"
2025-10-27 05:15:00.120673,22.808,67.625,471.499,5.041,1953.125,"
"
2025-10-27 05:16:00.136304,22.808,67.527,474.899,5.021,1953.125,"
"
2025-10-27 05:17:00.115772,22.956,67.350,473.958,5.021,1953.125,"
"
2025-10-27 05:18:00.124172,23.103,67.249,471.499,5.020,1953.125,"
"
2025-10-27 05:19:00.127071,23.103,66.942,471.499,5.021,1954.572,"
"
2025-10-27 05:20:00.166164,23.251,66.945,469.039,5.001,1953.125,"
"
2025-10-27 05:21:00.188582,23.251,66.743,471.499,5.001,1953.125,"
"
2025-10-27 05:22:01.310550,23.398,66.536,473.958,5.001,1953.125,"
"
2025-10-27 05:23:00.134960,23.529,66.562,473.958,5.001,1953.125,"
"
2025-10-27 05:24:00.140547,23.433,66.439,471.499,5.041,1953.125,"
"
2025-10-27 05:25:00.114121,23.546,66.338,471.499,5.050,1953.125,"
"
2025-10-27 05:26:00.469934,23.694,66.341,471.065,5.041,1953.125,"
"
2025-10-27 05:27:00.139935,23.546,65.419,469.039,5.041,1953.125,"
"
2025-10-27 05:28:00.136380,23.481,64.149,469.039,5.041,1953.125,"
"
2025-10-27 05:29:00.123449,23.190,63.643,469.039,5.041,1953.125,"
"
2025-10-27 05:30:00.121515,22.956,63.932,469.039,5.041,1953.125,"
"
2025-10-27 05:31:00.117415,22.808,64.037,470.558,5.021,1953.125,"
"
2025-10-27 05:32:00.123237,22.791,63.954,466.580,5.021,1953.125,"
"
2025-10-27 05:33:00.120405,22.656,63.831,466.580,5.021,1953.125,"
"
2025-10-27 05:34:00.137683,22.509,63.556,470.920,5.021,1954.572,"
"
2025-10-27 05:35:00.119762,22.370,63.346,471.716,5.021,1953.125,"
"
2025-10-27 05:36:00.127969,22.396,62.844,473.958,5.021,1953.125,"
"
2025-10-27 05:37:00.153368,22.361,62.547,474.465,5.021,1954.572,"
"
2025-10-27 05:38:00.117730,22.214,62.312,476.490,5.021,1953.125,"
"
2025-10-27 05:39:00.154494,22.214,62.131,472.729,5.021,1953.125,"
"
2025-10-27 05:40:00.130858,22.066,61.929,474.031,5.021,1953.125,"
"
2025-10-27 05:41:00.129488,22.214,62.337,478.950,5.021,1953.125,"
"
2025-10-27 05:42:00.113840,22.066,63.451,476.490,5.021,1953.125,"
"
2025-10-27 05:43:00.977963,22.092,63.835,476.490,5.021,1956.019,"
"
2025-10-27 05:44:00.123805,22.066,64.128,476.490,5.021,1956.019,"
"
2025-10-27 05:45:00.125994,22.157,64.251,471.499,5.021,1956.019,"
"
2025-10-27 05:46:00.147390,22.214,64.229,473.958,5.021,1956.019,"
"
2025-10-27 05:47:00.128437,22.214,64.761,473.886,5.021,1956.019,"
"
2025-10-27 05:48:00.124097,22.214,64.742,471.499,5.021,1956.019,"
"
2025-10-27 05:49:01.797245,22.214,65.017,473.307,5.021,1956.019,"
"
2025-10-27 05:50:00.123777,22.218,63.827,473.958,5.021,1956.019,"
"
2025-10-27 05:51:00.125432,22.196,63.346,475.188,5.001,1953.125,"
"
2025-10-27 05:52:00.353524,22.183,63.068,473.958,4.981,1953.125,"
"
2025-10-27 05:53:00.124787,21.918,63.140,471.571,5.001,1953.125,"
"
2025-10-27 05:54:00.131699,22.066,64.840,471.716,5.001,1953.125,"
"
2025-10-27 05:55:00.125883,22.066,65.860,471.499,5.041,1953.125,"
"
2025-10-27 05:56:00.127869,22.214,66.432,471.499,5.020,1953.125,"
"
2025-10-27 05:57:00.117072,22.361,66.938,471.499,5.041,1953.125,"
"
2025-10-27 05:58:00.140830,22.361,67.361,471.499,5.021,1954.572,"
"
2025-10-27 05:59:02.406811,22.509,67.538,473.958,5.020,1954.572,"
"
2025-10-27 06:00:00.132582,22.656,67.636,473.958,5.021,1953.125,"
"
2025-10-27 06:01:00.341899,22.656,67.839,474.103,5.001,1954.572,"
"
2025-10-27 06:02:00.125106,22.656,67.857,473.958,5.000,1953.125,"
"
2025-10-27 06:03:00.135982,22.773,67.835,476.490,5.001,1953.125,"
"
2025-10-27 06:04:00.131909,22.808,67.737,474.031,5.001,1953.125,"
"
2025-10-27 06:05:00.133870,22.956,67.632,476.418,5.001,1953.125,"
"
2025-10-27 06:06:00.178215,23.103,67.553,473.958,5.001,1953.125,"
"
2025-10-27 06:07:00.145593,23.216,67.535,473.958,5.001,1953.125,"
"
2025-10-27 06:08:00.130321,23.251,67.357,476.490,5.001,1956.019,"
"
2025-10-27 06:09:00.143765,23.398,67.260,480.252,4.990,1956.019,"
"
2025-10-27 06:10:00.118548,23.455,67.050,476.490,4.981,1956.019,"
"
2025-10-27 06:11:00.133159,23.398,66.967,478.950,4.981,1956.019,"
"
2025-10-27 06:12:00.125805,23.546,66.952,478.950,4.981,1953.125,"
"
2025-10-27 06:13:00.156657,23.546,66.848,476.490,4.981,1956.019,"
"
2025-10-27 06:14:00.134025,23.546,66.851,473.958,4.981,1954.572,"
"
2025-10-27 06:15:00.130123,23.694,66.645,473.958,4.962,1956.019,"
"
2025-10-27 06:16:00.125585,23.694,66.649,471.499,4.962,1956.019,"
"
2025-10-27 06:17:00.974083,23.694,66.189,469.256,4.962,1954.572,"
"
2025-10-27 06:18:00.136370,23.694,64.844,469.039,4.962,1956.019,"
"
2025-10-27 06:19:00.142590,23.533,63.932,466.652,4.962,1956.019,"
"
2025-10-27 06:20:00.112127,23.086,64.034,464.120,4.962,1956.019,"
"
2025-10-27 06:21:00.136351,22.956,64.157,466.580,4.962,1953.125,"
"
2025-10-27 06:22:00.117587,22.808,64.243,466.580,4.949,1953.125,"
"
2025-10-27 06:23:00.136230,22.804,63.936,467.520,4.962,1953.125,"
"
2025-10-27 06:24:00.121933,22.656,63.759,464.120,4.962,1953.125,"
"
2025-10-27 06:25:00.128267,22.509,63.458,466.580,4.962,1953.125,"
"
2025-10-27 06:26:00.144236,22.474,63.249,463.614,4.981,1953.125,"
"
2025-10-27 06:27:00.124839,22.500,62.847,461.733,4.981,1953.125,"
"
2025-10-27 06:28:00.133939,22.365,62.652,461.661,5.001,1953.125,"
"
2025-10-27 06:29:00.140681,22.214,62.446,459.201,4.981,1956.019,"
"
2025-10-27 06:30:00.130318,22.066,62.746,464.048,4.981,1953.125,"
"
2025-10-27 06:31:00.127543,22.066,63.061,465.857,5.001,1953.125,"
"
2025-10-27 06:32:00.119754,22.092,63.553,464.048,5.001,1953.125,"
"
2025-10-27 06:33:00.141140,22.066,63.733,464.120,5.001,1953.125,"
"
2025-10-27 06:34:00.120801,22.066,63.849,464.120,5.001,1953.125,"
"
2025-10-27 06:35:00.118791,22.214,63.744,461.661,4.981,1953.125,"
"
2025-10-27 06:36:00.109402,22.214,63.954,461.661,4.981,1954.572,"
"
2025-10-27 06:37:01.205755,22.214,64.034,460.431,4.981,1953.125,"
"
2025-10-27 06:38:00.150634,22.361,64.153,466.580,4.980,1953.125,"
"
2025-10-27 06:39:00.129893,22.361,64.341,467.086,4.981,1953.125,"
"
2025-10-27 06:40:00.140877,22.214,63.053,469.039,4.981,1953.125,"
"
2025-10-27 06:41:00.152119,22.122,62.959,469.039,4.981,1954.572,"
"
2025-10-27 06:42:00.124045,22.066,62.844,470.848,4.981,1953.125,"
"
2025-10-27 06:43:00.135193,21.918,62.768,471.499,4.981,1953.125,"
"
2025-10-27 06:44:00.224397,21.918,62.536,471.499,4.981,1953.125,"
"
2025-10-27 06:45:00.129383,21.975,64.337,471.499,4.981,1953.125,"
"
2025-10-27 06:46:00.131408,22.179,65.430,471.499,4.981,1956.019,"
"
2025-10-27 06:47:00.127730,22.214,66.066,473.958,4.980,1953.125,"
"
2025-10-27 06:48:00.123225,22.214,66.551,471.499,4.981,1956.019,"
"
2025-10-27 06:49:00.132163,22.361,67.050,471.499,4.981,1956.019,"
"
2025-10-27 06:50:00.127125,22.474,67.365,471.499,4.981,1956.019,"
"
2025-10-27 06:51:00.133629,22.396,67.531,469.039,4.981,1956.019,"
"
2025-10-27 06:52:01.195879,22.509,67.647,468.967,4.981,1956.019,"
"
2025-10-27 06:53:00.118335,22.656,67.835,468.750,4.962,1956.019,"
"
2025-10-27 06:54:00.140245,22.799,67.954,466.508,4.960,1954.572,"
"
2025-10-27 06:55:00.159118,22.769,67.726,466.580,4.981,1953.125,"
"
2025-10-27 06:56:01.309174,22.808,67.643,463.686,4.962,1953.125,"
"
2025-10-27 06:57:00.127068,23.090,67.546,466.580,4.981,1956.019,"
"
2025-10-27 06:58:00.129257,23.047,67.448,461.516,4.981,1956.019,"
"
2025-10-27 06:59:00.120948,23.121,67.253,461.661,5.001,1956.019,"
"
2025-10-27 07:00:00.113340,23.251,67.068,466.580,5.001,1956.019,"
"
2025-10-27 07:01:00.343232,23.398,66.945,464.120,5.001,1956.019,"
"
2025-10-27 07:02:00.134865,23.398,66.848,464.120,4.981,1956.019,"
"
2025-10-27 07:03:00.132974,23.490,66.743,464.410,4.981,1956.019,"
"
2025-10-27 07:04:00.140220,23.546,66.547,463.614,4.981,1956.019,"
"
2025-10-27 07:05:00.125424,23.546,66.442,461.661,4.981,1956.019,"
"
2025-10-27 07:06:00.141347,23.694,66.540,466.580,4.981,1956.019,"
"
2025-10-27 07:07:00.139731,23.694,66.446,466.580,4.980,1956.019,"
"
2025-10-27 07:08:00.129307,23.694,66.446,462.601,4.981,1956.019,"
"
2025-10-27 07:09:00.873097,23.815,66.442,462.312,4.981,1956.019,"
"
2025-10-27 07:10:00.159294,23.733,65.958,461.589,4.981,1956.019,"
"
2025-10-27 07:11:00.114578,23.694,64.855,459.201,4.981,1956.019,"
"
2025-10-27 07:12:00.120489,23.398,63.860,461.661,4.981,1956.019,"
"
2025-10-27 07:13:00.108269,23.138,64.138,461.661,4.981,1956.019,"
"
2025-10-27 07:14:00.142168,22.956,63.936,464.120,4.981,1956.019,"
"
2025-10-27 07:15:00.117845,22.808,64.142,461.444,4.981,1956.019,"
"
2025-10-27 07:16:01.906178,22.808,63.965,461.589,4.981,1956.019,"
"
2025-10-27 07:17:00.145769,22.791,63.553,460.359,4.981,1956.019,"
"
2025-10-27 07:18:00.361195,22.656,63.372,458.623,4.960,1956.019,"
"
2025-10-27 07:19:00.133291,22.622,62.952,461.661,4.962,1956.019,"
"
2025-10-27 07:20:00.134256,22.396,62.746,459.201,4.962,1956.019,"
"
2025-10-27 07:21:00.143166,22.361,62.319,461.589,4.962,1956.019,"
"
2025-10-27 07:22:00.147524,22.214,62.540,459.201,4.960,1956.019,"
"
2025-10-27 07:23:00.147572,22.214,62.963,459.201,4.962,1956.019,"
"
2025-10-27 07:24:00.126370,22.214,63.628,459.201,4.942,1956.019,"
"
2025-10-27 07:25:00.145951,22.214,63.929,457.393,4.942,1956.019,"
"
2025-10-27 07:26:00.119841,22.352,64.131,464.120,4.949,1954.572,"
"
2025-10-27 07:27:00.114992,22.214,64.232,461.082,4.949,1956.019,"
"
2025-10-27 07:28:00.111045,22.361,64.348,459.201,4.981,1956.019,"
"
2025-10-27 07:29:01.220402,22.391,64.457,459.491,4.981,1956.019,"
"
2025-10-27 07:30:00.127198,22.357,64.540,456.742,4.981,1956.019,"
"
2025-10-27 07:31:00.140053,22.361,64.844,456.742,4.981,1956.019,"
"
2025-10-27 07:32:01.194015,22.365,65.025,454.210,4.981,1956.019,"
"
2025-10-27 07:33:00.131336,22.361,63.473,456.091,4.981,1956.019,"
"
2025-10-27 07:34:00.130290,22.214,63.039,456.742,4.981,1953.125,"
"
2025-10-27 07:35:00.128004,22.153,62.938,459.201,4.981,1953.125,"
"
2025-10-27 07:36:00.134692,22.083,62.634,461.589,4.960,1953.125,"
"
2025-10-27 07:37:00.130160,22.066,64.544,459.201,4.962,1953.125,"
"
2025-10-27 07:38:00.121598,22.066,65.748,459.201,4.962,1956.019,"
"
2025-10-27 07:39:00.149158,22.214,66.330,461.589,4.962,1953.125,"
"
2025-10-27 07:40:00.140048,22.361,66.743,461.516,4.962,1956.019,"
"
2025-10-27 07:41:00.111826,22.418,67.061,461.661,4.981,1956.019,"
"
2025-10-27 07:42:00.119269,22.478,67.459,461.661,4.981,1956.019,"
"
2025-10-27 07:43:00.226374,22.565,67.846,461.661,4.981,1956.019,"
"
2025-10-27 07:44:00.124762,22.509,68.034,459.201,4.981,1956.019,"
"
2025-10-27 07:45:00.122652,22.786,68.041,459.201,4.981,1956.019,"
"
2025-10-27 07:46:00.118030,22.804,67.925,456.742,4.981,1956.019,"
"
2025-10-27 07:47:00.135317,22.808,68.037,456.742,4.981,1956.019,"
"
2025-10-27 07:48:00.129044,22.821,67.744,456.742,4.981,1956.019,"
"
2025-10-27 07:49:00.150368,23.103,67.647,457.972,4.980,1956.019,"
"
2025-10-27 07:50:00.151049,23.103,67.553,458.623,4.962,1956.019,"
"
2025-10-27 07:51:00.133803,23.103,67.354,456.742,4.962,1954.572,"
"
2025-10-27 07:52:00.122721,23.251,67.151,456.959,4.962,1956.019,"
"
2025-10-27 07:53:00.128769,23.398,67.065,456.742,4.962,1956.019,"
"
2025-10-27 07:54:00.977983,23.398,66.866,456.814,4.962,1956.019,"
"
2025-10-27 07:55:00.154435,23.546,66.956,456.742,4.940,1956.019,"
"
2025-10-27 07:56:00.110655,23.546,66.743,454.355,4.942,1954.572,"
"
2025-10-27 07:57:00.108539,23.546,66.659,456.742,4.950,1956.019,"
"
2025-10-27 07:58:00.119149,23.694,66.645,458.261,4.949,1956.019,"
"
2025-10-27 07:59:00.116535,23.845,66.547,459.201,4.981,1956.019,"
"
2025-10-27 08:00:00.130088,23.845,66.258,456.742,4.981,1956.019,"
"
2025-10-27 08:01:00.117745,23.694,65.032,459.201,4.981,1956.019,"
"
2025-10-27 08:02:00.116665,23.398,64.446,459.201,4.981,1954.572,"
"
2025-10-27 08:03:01.906999,23.398,65.242,461.661,4.981,1956.019,"
"
2025-10-27 08:04:01.914739,23.251,65.025,461.661,4.962,1956.019,"
"
2025-10-27 08:05:00.117719,23.134,64.540,461.733,4.962,1956.019,"
"
2025-10-27 08:06:00.123523,22.956,63.950,462.891,4.962,1956.019,"
"
2025-10-27 08:07:00.111098,22.808,63.455,464.120,4.962,1956.019,"
"
2025-10-27 08:08:00.134750,22.509,63.856,464.120,4.962,1953.125,"
"
2025-10-27 08:09:00.132214,22.509,63.842,464.627,4.962,1954.572,"
"
2025-10-27 08:10:00.150508,22.509,63.628,466.580,4.962,1954.572,"
"
2025-10-27 08:11:00.149513,22.509,63.274,464.193,4.962,1953.125,"
"
2025-10-27 08:12:00.123803,22.361,62.948,469.039,4.962,1953.125,"
"
2025-10-27 08:13:00.121175,22.214,62.948,468.895,4.962,1953.125,"
"
2025-10-27 08:14:00.110129,22.335,63.043,471.499,4.962,1956.019,"
"
2025-10-27 08:15:00.116500,22.322,63.043,472.729,4.949,1956.019,"
"
2025-10-27 08:16:00.128260,22.240,63.440,478.950,4.950,1956.019,"
"
2025-10-27 08:17:00.321173,22.361,64.243,483.869,4.949,1956.019,"
"
2025-10-27 08:18:00.137364,22.361,64.359,486.328,4.949,1956.019,"
"
2025-10-27 08:19:00.126654,22.509,64.536,491.247,4.949,1954.572,"
"
2025-10-27 08:20:01.795280,22.509,64.034,493.779,4.949,1954.572,"
"
2025-10-27 08:21:01.218617,22.361,63.553,496.238,4.950,1956.019,"
"
2025-10-27 08:22:02.507189,22.214,62.847,497.758,4.949,1954.572,"
"
2025-10-27 08:23:00.136789,22.214,62.543,498.698,4.949,1956.019,"
"
2025-10-27 08:24:00.130327,22.070,62.127,499.277,4.950,1956.019,"
"
2025-10-27 08:25:00.129242,22.066,63.553,499.855,4.950,1956.019,"
"
2025-10-27 08:26:00.134733,22.157,64.923,503.472,4.949,1956.019,"
"
2025-10-27 08:27:00.141933,22.214,65.730,506.076,4.942,1956.019,"
"
2025-10-27 08:28:00.116988,22.361,66.081,508.536,4.949,1956.019,"
"
2025-10-27 08:29:00.269826,22.396,66.341,510.995,4.962,1956.019,"
"
2025-10-27 08:30:00.150498,22.509,66.844,511.140,4.981,1956.019,"
"
2025-10-27 08:31:00.110823,22.517,67.151,515.987,4.981,1956.019,"
"
2025-10-27 08:32:00.129454,22.656,67.267,516.059,4.981,1956.019,"
"
2025-10-27 08:33:00.116847,22.808,67.470,518.446,4.981,1956.019,"
"
2025-10-27 08:34:00.119622,22.808,67.452,518.446,4.981,1957.465,"
"
2025-10-27 08:35:00.131327,22.956,67.752,520.906,4.981,1956.019,"
"
2025-10-27 08:36:00.329027,22.930,68.146,521.846,4.981,1956.019,"
"
2025-10-27 08:37:00.117880,23.103,67.632,523.365,4.981,1956.019,"
"
2025-10-27 08:38:00.143481,23.234,67.636,523.365,4.981,1956.019,"
"
2025-10-27 08:39:00.130923,23.251,67.647,523.365,4.960,1956.019,"
"
2025-10-27 08:40:00.142713,23.398,67.527,525.825,4.962,1956.019,"
"
2025-10-27 08:41:00.147788,23.398,67.520,525.535,4.962,1956.019,"
"
2025-10-27 08:42:00.141357,23.416,67.459,527.054,4.962,1956.019,"
"
2025-10-27 08:43:00.139119,23.694,67.470,530.744,4.981,1956.019,"
"
2025-10-27 08:44:00.114202,23.581,67.361,528.284,4.981,1956.019,"
"
2025-10-27 08:45:00.110243,23.694,67.274,530.744,4.981,1956.019,"
"
2025-10-27 08:46:00.118891,23.694,67.166,528.284,4.981,1956.019,"
"
2025-10-27 08:47:00.125291,23.689,67.271,528.284,4.981,1956.019,"
"
2025-10-27 08:48:00.110014,23.828,67.177,530.744,4.981,1956.019,"
"
2025-10-27 08:49:00.117242,23.694,66.164,530.744,4.981,1956.019,"
"
2025-10-27 08:50:00.141613,23.416,65.737,531.684,4.981,1956.019,"
"
2025-10-27 08:51:00.119675,23.394,65.632,530.744,4.981,1954.572,"
"
2025-10-27 08:52:00.130603,23.372,65.325,533.854,4.981,1956.019,"
"
2025-10-27 08:53:00.115992,23.103,65.242,533.276,4.981,1956.019,"
"
2025-10-27 08:54:00.134468,22.956,65.227,533.131,4.981,1956.019,"
"
2025-10-27 08:55:00.130715,22.956,64.851,530.744,4.981,1956.019,"
"
2025-10-27 08:56:00.978005,22.808,65.524,530.744,4.981,1956.019,"
"
2025-10-27 08:57:01.905955,22.821,65.632,530.744,4.950,1956.019,"
"
2025-10-27 08:58:00.125661,22.808,65.752,528.284,4.942,1956.019,"
"
2025-10-27 08:59:00.128542,22.808,65.632,528.429,4.962,1954.572,"
"
2025-10-27 09:00:00.336481,22.817,65.632,528.284,4.962,1956.019,"
"
2025-10-27 09:01:00.113787,22.956,65.017,530.744,5.001,1956.019,"
"
2025-10-27 09:02:00.138598,22.812,64.855,530.454,4.981,1956.019,"
"
2025-10-27 09:03:00.117125,22.808,64.742,525.825,4.981,1956.019,"
"
2025-10-27 09:04:00.119303,22.695,64.927,523.365,4.981,1956.019,"
"
2025-10-27 09:05:00.113409,22.808,64.934,523.365,4.981,1957.465,"
"
2025-10-27 09:06:00.151274,22.808,64.243,520.906,4.981,1956.019,"
"
2025-10-27 09:07:00.140286,22.739,63.625,520.906,4.981,1953.125,"
"
2025-10-27 09:08:00.177938,22.656,62.941,523.365,4.962,1956.019,"
"
2025-10-27 09:09:00.142679,22.509,62.319,525.825,4.962,1953.125,"
"
2025-10-27 09:10:00.157154,22.509,62.305,526.476,4.962,1956.019,"
"
2025-10-27 09:11:00.126524,22.474,62.634,528.573,4.962,1954.572,"
"
2025-10-27 09:12:00.887563,22.361,62.637,528.284,4.962,1956.019,"
"
2025-10-27 09:13:00.126575,22.361,62.316,526.837,4.962,1956.019,"
"
2025-10-27 09:14:00.153543,22.361,61.838,525.825,4.960,1956.019,"
"
2025-10-27 09:15:00.150522,22.214,61.422,525.825,4.962,1956.019,"
"
2025-10-27 09:16:00.118692,22.344,61.216,528.284,4.962,1956.019,"
"
2025-10-27 09:17:00.116969,22.179,61.419,528.284,4.962,1956.019,"
"
2025-10-27 09:18:00.120008,22.066,61.842,528.284,4.960,1956.019,"
"
2025-10-27 09:19:00.121614,22.214,62.030,528.284,4.962,1956.019,"
"
2025-10-27 09:20:00.113026,22.292,61.719,530.744,4.962,1957.465,"
"
2025-10-27 09:21:00.978943,22.214,61.636,528.284,4.962,1956.019,"
"
2025-10-27 09:22:00.131395,22.270,61.614,528.284,4.962,1956.019,"
"
2025-10-27 09:23:00.122101,22.214,61.419,530.744,4.980,1956.019,"
"
2025-10-27 09:24:00.148214,22.214,61.115,530.165,4.960,1956.019,"
"
2025-10-27 09:25:00.137241,22.214,60.449,528.284,4.960,1956.019,"
"
2025-10-27 09:26:00.112703,22.066,59.823,528.284,4.962,1956.019,"
"
2025-10-27 09:27:00.161654,22.066,59.541,526.259,4.962,1957.465,"
"
2025-10-27 09:28:00.118835,22.066,59.342,528.284,4.949,1956.019,"
"
2025-10-27 09:29:00.133989,22.214,58.814,530.744,4.949,1956.019,"
"
2025-10-27 09:30:00.138967,22.209,59.939,525.969,4.962,1957.465,"
"
2025-10-27 09:31:00.407758,22.214,61.422,525.825,4.960,1956.019,"
"
2025-10-27 09:32:00.120316,22.066,62.146,523.365,4.980,1956.019,"
"
2025-10-27 09:33:00.124661,22.214,62.753,520.906,4.980,1957.465,"
"
2025-10-27 09:34:00.118871,22.361,63.241,523.365,4.980,1957.465,"
"
2025-10-27 09:35:00.125709,22.418,63.723,523.365,4.981,1956.019,"
"
2025-10-27 09:36:00.109361,22.418,64.037,523.365,4.980,1956.019,"
"
2025-10-27 09:37:00.123792,22.509,64.225,525.825,4.980,1957.465,"
"
2025-10-27 09:38:00.124300,22.661,64.536,523.510,4.981,1956.019,"
"
2025-10-27 09:39:00.132231,22.808,64.540,523.365,4.981,1956.019,"
"
2025-10-27 09:40:00.130892,22.817,64.634,520.906,4.981,1957.465,"
"
2025-10-27 09:41:00.115950,22.956,64.753,518.446,4.981,1956.019,"
"
2025-10-27 09:42:00.113416,23.103,64.645,518.446,4.980,1956.019,"
"
2025-10-27 09:43:00.130842,23.121,64.562,518.446,4.980,1956.019,"
"
2025-10-27 09:44:00.126461,23.251,64.554,518.446,4.980,1957.465,"
"
2025-10-27 09:45:00.127015,23.251,64.641,520.833,4.981,1956.019,"
"
2025-10-27 09:46:00.125691,23.398,64.638,520.906,4.981,1957.465,"
"
2025-10-27 09:47:00.138907,23.286,64.634,520.906,4.981,1957.465,"
"
2025-10-27 09:48:00.118178,23.546,64.536,520.906,4.981,1956.019,"
"
2025-10-27 09:49:00.144577,23.694,64.540,521.484,4.981,1956.019,"
"
2025-10-27 09:50:00.144164,23.546,64.536,515.987,4.981,1956.019,"
"
2025-10-27 09:51:00.134784,23.694,64.544,515.987,4.981,1956.019,"
"
2025-10-27 09:52:00.117936,23.694,64.536,513.527,4.981,1956.019,"
"
2025-10-27 09:53:00.127285,23.811,64.551,510.995,4.981,1956.019,"
"
2025-10-27 09:54:00.372571,23.841,64.634,510.995,4.981,1956.019,"
"
2025-10-27 09:55:00.119742,23.811,64.667,510.995,4.981,1956.019,"
"
2025-10-27 09:56:00.115334,23.845,64.652,508.536,4.981,1956.019,"
"
2025-10-27 09:57:00.338787,23.845,64.341,508.681,4.981,1956.019,"
"
2025-10-27 09:58:00.371900,23.845,64.146,508.681,4.981,1957.465,"
"
2025-10-27 09:59:00.138157,23.655,64.153,508.536,4.942,1956.019,"
"
2025-10-27 10:00:00.126577,23.511,63.458,508.536,4.949,1956.019,"
"
2025-10-27 10:01:00.924593,23.286,62.652,508.536,4.949,1956.019,"
"
2025-10-27 10:02:00.169721,23.047,62.666,501.157,4.962,1956.019,"
"
2025-10-27 10:03:00.150280,22.891,62.543,503.617,4.981,1956.019,"
"
2025-10-27 10:04:00.122393,22.791,62.742,503.617,4.981,1956.019,"
"
2025-10-27 10:05:00.131804,22.674,62.243,503.617,4.981,1956.019,"
"
2025-10-27 10:06:00.149527,22.795,61.545,501.157,4.981,1956.019,"
"
2025-10-27 10:07:00.113313,22.808,60.956,501.157,4.981,1956.019,"
"
2025-10-27 10:08:00.406533,22.656,60.550,503.545,4.981,1956.019,"
"
2025-10-27 10:09:00.178889,22.361,60.037,498.698,4.981,1956.019,"
"
2025-10-27 10:10:00.111427,22.478,60.232,497.758,4.962,1956.019,"
"
2025-10-27 10:11:00.332072,22.435,62.156,498.698,4.981,1956.019,"
"
2025-10-27 10:12:00.134648,22.509,62.847,498.698,4.962,1956.019,"
"
2025-10-27 10:13:00.130079,22.517,63.560,498.698,4.962,1956.019,"
"
2025-10-27 10:14:00.129432,22.656,63.932,501.157,4.981,1956.019,"
"
2025-10-27 10:15:00.132707,22.799,64.243,501.157,4.962,1956.019,"
"
2025-10-27 10:16:00.371478,22.808,64.764,506.076,4.962,1956.019,"
"
2025-10-27 10:17:00.153657,22.899,65.032,507.306,4.962,1956.019,"
"
2025-10-27 10:18:00.126013,22.808,65.122,506.076,4.962,1956.019,"
"
2025-10-27 10:19:00.119569,22.956,65.433,506.076,4.962,1956.019,"
"
2025-10-27 10:20:00.137937,22.956,65.448,508.319,4.962,1956.019,"
"
2025-10-27 10:21:00.150879,23.103,65.527,508.536,4.962,1956.019,"
"
2025-10-27 10:22:00.134815,23.225,65.531,506.076,4.962,1956.019,"
"
2025-10-27 10:23:00.134357,23.251,65.343,508.536,4.962,1956.019,"
"
2025-10-27 10:24:00.140298,23.251,65.245,508.536,4.962,1956.019,"
"
2025-10-27 10:25:00.113756,23.307,65.126,508.608,4.962,1956.019,"
"
2025-10-27 10:26:00.132100,23.398,65.137,510.995,4.962,1960.359,"
"
2025-10-27 10:27:01.956304,23.529,65.025,509.983,4.962,1960.359,"
"
2025-10-27 10:28:00.119261,23.490,65.129,508.536,4.962,1960.359,"
"
2025-10-27 10:29:00.743632,23.694,64.923,510.995,4.962,1956.019,"
"
2025-10-27 10:30:00.135534,23.694,64.840,508.536,4.949,1957.465,"
"
2025-10-27 10:31:00.234546,23.694,64.750,508.536,4.942,1956.019,"
"
2025-10-27 10:32:02.017634,23.815,64.746,508.536,4.949,1956.019,"
"
2025-10-27 10:33:00.131318,23.845,64.667,508.825,4.950,1956.019,"
"
2025-10-27 10:34:00.375287,23.845,64.645,509.187,4.962,1954.572,"
"
2025-10-27 10:35:00.133010,23.845,64.641,512.587,4.981,1956.019,"
"
2025-10-27 10:36:00.155614,23.845,64.663,510.055,4.962,1956.019,"
"
2025-10-27 10:37:00.118131,23.845,64.540,508.536,4.962,1956.019,"
"
2025-10-27 10:38:00.121521,23.845,63.838,506.076,4.962,1956.019,"
"
2025-10-27 10:39:00.125274,23.685,63.270,506.076,4.962,1956.019,"
"
2025-10-27 10:40:00.144521,23.533,63.477,503.617,4.962,1956.019,"
"
2025-10-27 10:41:00.145554,23.320,63.046,503.617,4.962,1956.019,"
"
2025-10-27 10:42:00.114344,23.103,62.854,503.617,4.962,1956.019,"
"
2025-10-27 10:43:00.364570,23.103,62.240,502.098,4.962,1956.019,"
"
2025-10-27 10:44:00.161381,22.969,62.033,505.642,4.962,1956.019,"
"
2025-10-27 10:45:00.140180,22.951,61.534,508.102,4.962,1956.019,"
"
2025-10-27 10:46:00.133525,22.656,60.840,506.076,4.962,1956.019,"
"
2025-10-27 10:47:00.144041,22.656,60.258,506.076,4.962,1956.019,"
"
2025-10-27 10:48:00.136309,22.509,60.149,506.076,4.962,1956.019,"
"
2025-10-27 10:49:00.170051,22.422,60.333,506.076,4.962,1956.019,"
"
2025-10-27 10:50:00.128101,22.474,59.368,506.076,4.962,1956.019,"
"
2025-10-27 10:51:00.158568,22.361,59.350,508.536,4.949,1956.019,"
"
2025-10-27 10:52:00.133604,22.418,61.628,506.076,4.962,1956.019,"
"
2025-10-27 10:53:00.159608,22.643,62.232,510.995,4.962,1957.465,"
"
2025-10-27 10:54:00.124108,22.656,62.836,510.995,4.962,1956.019,"
"
2025-10-27 10:55:00.131185,22.656,63.448,510.995,4.960,1956.019,"
"
2025-10-27 10:56:00.141527,22.656,63.827,508.536,4.960,1956.019,"
"
2025-10-27 10:57:00.132857,22.804,64.258,508.536,4.960,1956.019,"
"
2025-10-27 10:58:00.148593,22.808,64.439,508.536,4.980,1960.359,"
"
2025-10-27 10:59:00.150897,22.808,64.645,508.536,4.981,1960.359,"
"
2025-10-27 11:00:00.167312,22.808,64.847,508.536,4.981,1960.359,"
"
2025-10-27 11:01:00.192204,22.951,64.916,507.089,4.949,1956.019,"
"
2025-10-27 11:02:00.136198,22.960,64.916,510.995,4.949,1956.019,"
"
2025-10-27 11:03:00.139391,23.173,64.855,511.212,4.962,1956.019,"
"
2025-10-27 11:04:00.131192,23.112,64.753,510.272,4.962,1956.019,"
"
2025-10-27 11:05:00.145066,23.251,64.742,510.995,4.967,1956.019,"
"
2025-10-27 11:06:00.123551,23.251,64.638,510.995,4.985,1956.019,"
"
2025-10-27 11:07:00.159650,23.398,64.562,508.536,4.981,1960.359,"
"
2025-10-27 11:08:00.142344,23.286,64.536,510.995,4.981,1957.465,"
"
2025-10-27 11:09:00.128339,23.398,64.352,510.272,4.981,1956.019,"
"
2025-10-27 11:10:00.133270,23.546,64.236,510.995,4.981,1956.019,"
"
2025-10-27 11:11:00.111763,23.555,64.258,511.285,4.981,1957.465,"
"
2025-10-27 11:12:00.110536,23.694,64.236,510.995,4.981,1956.019,"
"
2025-10-27 11:13:00.118676,23.694,64.157,506.004,4.981,1956.019,"
"
2025-10-27 11:14:00.119246,23.637,63.954,506.076,4.981,1956.019,"
"
2025-10-27 11:15:00.115462,23.694,62.945,508.536,4.981,1956.019,"
"
2025-10-27 11:16:00.126477,23.477,62.033,508.536,4.981,1956.019,"
"
2025-10-27 11:17:00.120529,23.251,61.929,510.995,4.962,1956.019,"
"
2025-10-27 11:18:00.106656,23.103,61.730,513.527,4.981,1956.019,"
"
2025-10-27 11:19:00.114522,22.808,61.632,513.527,4.962,1956.019,"
"
2025-10-27 11:20:00.137968,22.734,61.426,515.987,4.962,1956.019,"
"
2025-10-27 11:21:00.125131,22.730,61.118,515.987,4.962,1956.019,"
"
2025-10-27 11:22:00.289301,22.648,60.938,515.987,4.962,1956.019,"
"
2025-10-27 11:23:00.156223,22.435,60.757,515.408,4.962,1956.019,"
"
2025-10-27 11:24:00.886340,22.509,60.431,518.446,4.949,1956.019,"
"
2025-10-27 11:25:00.110011,22.509,60.438,518.446,4.949,1956.019,"
"
2025-10-27 11:26:00.116929,22.361,60.739,518.446,4.962,1956.019,"
"
2025-10-27 11:27:00.112014,22.370,60.840,520.906,4.962,1957.465,"
"
2025-10-27 11:28:00.131998,22.361,61.017,520.906,4.962,1956.019,"
"
2025-10-27 11:29:00.179606,22.452,60.941,520.906,4.960,1956.019,"
"
2025-10-27 11:30:00.122080,22.509,60.956,524.812,4.962,1960.359,"
"
2025-10-27 11:31:00.112048,22.509,61.039,525.825,4.962,1956.019,"
"
2025-10-27 11:32:00.125905,22.391,61.241,523.365,4.949,1956.019,"
"
2025-10-27 11:33:00.115344,22.361,61.216,523.365,4.960,1956.019,"
"
2025-10-27 11:34:00.128323,22.378,61.422,523.365,4.962,1956.019,"
"
2025-10-27 11:35:00.132813,22.387,61.542,523.365,4.981,1956.019,"
"
2025-10-27 11:36:00.340046,22.378,61.531,522.135,4.981,1956.019,"
"
2025-10-27 11:37:00.116052,22.374,61.317,523.365,4.981,1957.465,"
"
2025-10-27 11:38:00.134472,22.509,61.118,523.365,4.962,1956.019,"
"
2025-10-27 11:39:00.118206,22.361,61.017,525.825,4.960,1956.019,"
"
2025-10-27 11:40:00.106669,22.491,60.739,535.735,4.962,1956.019,"
"
2025-10-27 11:41:00.131828,22.361,60.048,537.254,4.962,1956.019,"
"
2025-10-27 11:42:00.118789,22.214,59.541,540.654,4.962,1956.019,"
"
2025-10-27 11:43:00.115773,22.214,59.722,543.113,4.960,1956.019,"
"
2025-10-27 11:44:00.124552,22.214,61.325,545.501,4.960,1953.125,"
"
2025-10-27 11:45:00.117570,22.214,62.312,545.573,4.962,1957.465,"
"
2025-10-27 11:46:00.125681,22.361,62.862,545.573,4.962,1960.359,"
"
2025-10-27 11:47:00.129591,22.361,63.241,548.032,4.962,1956.019,"
"
2025-10-27 11:48:00.780624,22.418,63.574,548.032,4.962,1956.019,"
"
2025-10-27 11:49:00.116410,22.582,63.845,550.637,4.981,1956.019,"
"
2025-10-27 11:50:00.146224,22.656,64.044,551.071,4.960,1956.019,"
"
2025-10-27 11:51:00.122771,22.656,64.131,550.492,4.980,1957.465,"
"
2025-10-27 11:52:00.126925,22.656,64.026,548.032,4.960,1956.019,"
"
2025-10-27 11:53:00.120844,22.808,63.849,549.262,4.960,1957.465,"
"
2025-10-27 11:54:00.135264,22.938,63.643,547.960,4.962,1957.465,"
"
2025-10-27 11:55:00.151583,22.956,63.444,548.032,4.962,1956.019,"
"
2025-10-27 11:56:00.112849,23.103,63.245,550.420,4.962,1960.359,"
"
2025-10-27 11:57:00.120291,23.164,63.166,550.492,4.981,1960.359,"
"
2025-10-27 11:58:00.118302,23.112,62.963,550.492,4.962,1960.359,"
"
2025-10-27 11:59:00.360820,23.251,62.742,553.024,4.962,1960.359,"
"
2025-10-27 12:00:00.143028,23.251,62.540,550.492,4.962,1960.359,"
"
2025-10-27 12:01:00.129430,23.338,62.442,543.113,4.962,1960.359,"
"
2025-10-27 12:02:00.141319,23.286,62.334,542.101,4.949,1960.359,"
"
2025-10-27 12:03:00.143319,23.537,62.135,543.113,4.920,1956.019,"
"
2025-10-27 12:04:00.141616,23.398,62.305,539.424,4.920,1956.019,"
"
2025-10-27 12:05:00.132852,23.546,62.138,538.194,4.940,1956.019,"
"
2025-10-27 12:06:00.124698,23.546,62.033,535.735,4.949,1956.019,"
"
2025-10-27 12:07:00.152181,23.546,61.929,535.735,4.962,1957.465,"
"
2025-10-27 12:08:00.121468,23.694,61.929,535.735,4.981,1957.465,"
"
2025-10-27 12:09:00.127873,23.694,61.929,533.565,4.981,1956.019,"
"
2025-10-27 12:10:00.126068,23.607,61.834,533.276,4.981,1957.465,"
"
2025-10-27 12:11:00.114653,23.581,61.751,533.276,4.981,1956.019,"
"
2025-10-27 12:12:00.106210,23.845,61.740,533.276,4.981,1956.019,"
"
2025-10-27 12:13:00.123942,23.828,61.737,533.276,4.981,1956.019,"
"
2025-10-27 12:14:00.139491,23.767,61.636,533.276,4.981,1956.019,"
"
2025-10-27 12:15:00.110350,23.850,61.646,533.276,4.981,1960.359,"
"
2025-10-27 12:16:00.131870,23.845,61.531,535.735,4.981,1956.019,"
"
2025-10-27 12:17:00.159207,23.845,61.538,536.386,4.981,1956.019,"
"
2025-10-27 12:18:00.145632,23.993,61.523,539.858,4.981,1957.465,"
"
2025-10-27 12:19:00.139812,23.845,61.628,538.194,4.981,1956.019,"
"
2025-10-27 12:20:00.109913,23.845,61.429,537.037,4.981,1956.019,"
"
2025-10-27 12:21:00.135390,23.989,61.429,535.735,4.981,1956.019,"
"
2025-10-27 12:22:00.122828,23.967,61.017,535.735,4.981,1960.359,"
"
2025-10-27 12:23:00.110290,23.694,60.948,535.735,4.981,1957.465,"
"
2025-10-27 12:24:00.125757,23.694,61.252,537.760,4.981,1960.359,"
"
2025-10-27 12:25:00.124154,23.546,61.838,538.194,4.981,1960.359,"
"
2025-10-27 12:26:00.150801,23.398,61.831,540.509,4.981,1957.465,"
"
2025-10-27 12:27:00.159933,23.398,61.245,540.220,4.981,1956.019,"
"
2025-10-27 12:28:00.120221,23.103,59.567,533.276,4.981,1957.465,"
"
2025-10-27 12:29:00.151529,22.769,60.030,533.276,4.981,1954.572,"
"
2025-10-27 12:30:00.132349,22.656,60.547,534.722,4.981,1956.019,"
"
2025-10-27 12:31:00.140534,22.799,61.050,533.276,4.981,1956.019,"
"
2025-10-27 12:32:00.126083,22.747,61.017,533.276,4.981,1956.019,"
"
2025-10-27 12:33:00.118649,22.808,60.547,535.735,4.962,1956.019,"
"
2025-10-27 12:34:00.122536,22.656,59.748,535.735,4.949,1956.019,"
"
2025-10-27 12:35:00.130810,22.509,59.248,538.194,4.942,1956.019,"
"
2025-10-27 12:36:00.120832,22.509,59.364,538.194,4.949,1956.019,"
"
2025-10-27 12:37:00.122598,22.287,59.567,538.194,4.949,1956.019,"
"
2025-10-27 12:38:00.122463,22.422,59.748,542.607,4.981,1956.019,"
"
2025-10-27 12:39:00.125631,22.361,59.748,540.654,4.981,1956.019,"
"
2025-10-27 12:40:00.109276,22.435,59.342,543.113,4.981,1956.019,"
"
2025-10-27 12:41:00.108265,22.361,58.941,538.194,4.981,1956.019,"
"
2025-10-27 12:42:00.112315,22.361,59.165,538.194,4.980,1956.019,"
"
2025-10-27 12:43:00.111698,22.361,59.248,540.654,4.981,1956.019,"
"
2025-10-27 12:44:00.123434,22.361,59.578,541.088,4.980,1956.019,"
"
2025-10-27 12:45:00.107707,22.361,59.270,543.113,4.981,1957.465,"
"
2025-10-27 12:46:00.122893,22.352,58.409,542.824,4.981,1957.465,"
"
2025-10-27 12:47:00.124206,22.066,57.925,545.718,4.981,1956.019,"
"
2025-10-27 12:48:00.148830,22.079,58.503,543.692,4.981,1956.019,"
"
2025-10-27 12:49:00.134992,22.075,58.952,543.113,4.981,1957.465,"
"
2025-10-27 12:50:00.110078,22.066,58.959,543.113,4.981,1957.465,"
"
2025-10-27 12:51:00.144996,22.070,58.503,545.428,4.980,1956.019,"
"
2025-10-27 12:52:00.124554,22.070,60.247,548.032,4.980,1956.019,"
"
2025-10-27 12:53:00.122252,22.214,61.035,548.032,4.980,1956.019,"
"
2025-10-27 12:54:00.130466,22.240,61.527,553.024,4.980,1956.019,"
"
2025-10-27 12:55:00.150165,22.365,61.744,550.492,4.981,1957.465,"
"
2025-10-27 12:56:00.185800,22.361,61.950,548.032,4.980,1956.019,"
"
2025-10-27 12:57:00.115338,22.504,62.030,548.032,4.981,1956.019,"
"
2025-10-27 12:58:00.122042,22.509,62.236,548.032,4.981,1956.019,"
"
2025-10-27 12:59:00.113116,22.656,62.232,550.492,4.981,1956.019,"
"
2025-10-27 13:00:00.126621,22.808,62.026,553.024,4.981,1956.019,"
"
2025-10-27 13:01:00.134974,22.808,61.936,550.492,4.980,1960.359,"
"
2025-10-27 13:02:00.113682,22.808,61.827,550.492,4.981,1960.359,"
"
2025-10-27 13:03:00.111991,22.956,61.733,553.096,4.981,1960.359,"
"
2025-10-27 13:04:00.130688,23.177,61.527,555.483,4.980,1956.019,"
"
2025-10-27 13:05:00.147191,23.099,61.339,553.024,4.949,1957.465,"
"
2025-10-27 13:06:00.132563,23.242,61.238,555.483,4.949,1957.465,"
"
2025-10-27 13:07:00.110223,23.251,61.140,555.483,4.950,1956.019,"
"
2025-10-27 13:08:00.116846,23.251,61.013,553.096,4.962,1956.019,"
"
2025-10-27 13:09:00.123503,23.390,61.021,555.483,4.980,1956.019,"
"
2025-10-27 13:10:00.116265,23.390,61.035,555.483,5.001,1956.019,"
"
2025-10-27 13:11:00.123785,23.398,61.021,553.024,5.001,1956.019,"
"
2025-10-27 13:12:00.133088,23.485,60.941,553.024,5.001,1956.019,"
"
2025-10-27 13:13:00.192295,23.546,60.847,555.483,4.981,1956.019,"
"
2025-10-27 13:14:00.139084,23.546,60.843,553.024,4.981,1956.019,"
"
2025-10-27 13:15:00.119464,23.546,60.746,553.024,4.980,1956.019,"
"
2025-10-27 13:16:00.125018,23.694,60.753,550.564,4.981,1960.359,"
"
2025-10-27 13:17:00.127225,23.694,60.739,553.024,4.981,1960.359,"
"
2025-10-27 13:18:00.122138,23.581,61.013,555.483,4.981,1960.359,"
"
2025-10-27 13:19:00.116021,23.694,60.941,555.483,4.981,1956.019,"
"
2025-10-27 13:20:00.112788,23.811,61.046,553.024,4.981,1956.019,"
"
2025-10-27 13:21:00.153316,23.707,61.042,553.024,4.981,1956.019,"
"
2025-10-27 13:22:00.137701,23.845,61.013,553.024,4.981,1960.359,"
"
2025-10-27 13:23:00.117454,23.798,61.122,553.024,4.981,1960.359,"
"
2025-10-27 13:24:00.112919,23.845,61.227,553.024,4.981,1956.019,"
"
2025-10-27 13:25:00.112720,23.845,61.332,554.905,4.981,1956.019,"
"
2025-10-27 13:26:00.588730,23.845,61.335,555.483,4.981,1956.019,"
"
2025-10-27 13:27:00.126213,23.845,61.440,553.602,4.981,1957.465,"
"
2025-10-27 13:28:00.152022,23.845,61.534,555.483,4.981,1957.465,"
"
2025-10-27 13:29:00.119537,23.889,61.636,553.024,4.981,1960.359,"
"
2025-10-27 13:30:00.119859,23.845,61.140,555.483,4.981,1957.465,"
"
2025-10-27 13:31:00.133797,23.845,60.153,558.087,4.981,1957.465,"
"
2025-10-27 13:32:00.120573,23.477,59.845,557.943,4.981,1956.019,"
"
2025-10-27 13:33:00.126203,23.112,59.852,557.943,4.981,1956.019,"
"
2025-10-27 13:34:00.159553,23.103,60.648,555.483,4.981,1956.019,"
"
2025-10-27 13:35:00.123247,23.103,62.153,554.905,4.981,1956.019,"
"
2025-10-27 13:36:00.115901,23.251,63.556,557.943,4.962,1953.125,"
"
2025-10-27 13:37:00.137137,23.377,62.464,560.547,4.962,1956.019,"
"
2025-10-27 13:38:00.108044,23.398,62.543,565.321,4.981,1956.019,"
"
2025-10-27 13:39:00.128086,23.546,62.547,570.312,4.981,1956.019,"
"
2025-10-27 13:40:00.133997,23.694,62.956,570.240,4.962,1956.019,"
"
2025-10-27 13:41:00.161813,23.811,63.567,569.083,4.981,1956.019,"
"
2025-10-27 13:42:00.114538,23.859,64.435,570.457,4.962,1956.019,"
"
2025-10-27 13:43:00.122629,23.845,64.453,570.891,4.962,1956.019,"
"
2025-10-27 13:44:00.121416,23.845,63.838,574.002,4.962,1954.572,"
"
2025-10-27 13:45:00.185872,23.845,63.954,575.232,4.962,1956.019,"
"
2025-10-27 13:46:00.125006,23.845,63.755,577.691,4.962,1956.019,"
"
2025-10-27 13:47:00.128240,23.845,63.462,577.474,4.962,1956.019,"
"
2025-10-27 13:48:00.131397,23.845,63.643,575.232,4.962,1956.019,"
"
2025-10-27 13:49:00.572894,23.845,63.943,575.232,4.962,1957.465,"
"
2025-10-27 13:50:00.153637,23.984,63.936,577.691,4.962,1956.019,"
"
2025-10-27 13:51:00.120457,23.845,63.943,582.610,4.962,1954.572,"
"
2025-10-27 13:52:00.150305,23.845,64.157,582.610,4.962,1956.019,"
"
2025-10-27 13:53:00.124601,23.845,63.943,585.069,4.962,1956.019,"
"
2025-10-27 13:54:00.136533,23.845,64.164,587.529,4.981,1956.019,"
"
2025-10-27 13:55:00.160001,23.854,64.370,587.529,4.981,1956.019,"
"
2025-10-27 13:56:00.129124,23.845,64.243,587.529,4.981,1954.572,"
"
2025-10-27 13:57:00.119397,23.919,64.366,590.061,4.981,1956.019,"
"
2025-10-27 13:58:00.126793,23.993,64.464,592.520,4.981,1956.019,"
"
2025-10-27 13:59:00.123150,23.954,64.439,590.061,4.981,1956.019,"
"
2025-10-27 14:00:00.138908,23.993,64.471,590.061,4.981,1954.572,"
"
2025-10-27 14:01:00.134478,23.845,64.551,590.061,4.981,1954.572,"
"
2025-10-27 14:02:00.125870,23.958,64.544,590.061,4.981,1956.019,"
"
2025-10-27 14:03:00.156352,23.954,64.247,591.291,4.981,1956.019,"
"
2025-10-27 14:04:00.133074,23.993,64.446,592.520,4.981,1956.019,"
"
2025-10-27 14:05:00.139417,23.993,64.558,594.980,4.981,1954.572,"
"
2025-10-27 14:06:00.141985,23.993,64.572,594.980,4.962,1954.572,"
"
2025-10-27 14:07:00.150980,23.997,64.855,597.439,4.962,1953.125,"
"
2025-10-27 14:08:00.133693,23.993,64.931,594.980,4.950,1953.125,"
"
2025-10-27 14:09:00.131543,24.106,65.238,599.899,4.942,1953.125,"
"
2025-10-27 14:10:00.263786,24.028,65.129,604.818,4.950,1953.125,"
"
2025-10-27 14:11:00.116822,24.054,64.949,607.277,4.981,1954.572,"
"
2025-10-27 14:12:00.177587,24.067,64.862,607.277,4.981,1954.572,"
"
2025-10-27 14:13:00.108160,24.002,64.880,607.277,4.962,1954.572,"
"
2025-10-27 14:14:00.148265,24.049,65.129,607.277,4.962,1954.572,"
"
2025-10-27 14:15:00.154953,24.214,64.934,607.277,5.001,1954.572,"
"
2025-10-27 14:16:00.374335,24.141,64.876,607.349,5.001,1956.019,"
"
2025-10-27 14:17:00.123231,24.028,64.880,607.277,5.001,1954.572,"
"
2025-10-27 14:18:00.138737,24.132,65.035,608.579,5.001,1954.572,"
"
2025-10-27 14:19:00.135695,24.141,64.775,607.277,5.001,1954.572,"
"
2025-10-27 14:20:00.130556,24.253,64.876,610.026,5.001,1954.572,"
"
2025-10-27 14:21:00.149891,24.141,64.927,612.268,5.003,1956.019,"
"
2025-10-27 14:22:00.241768,24.141,64.771,614.728,5.001,1954.572,"
"
2025-10-27 14:23:00.129125,24.253,65.061,612.268,4.981,1956.019,"
"
2025-10-27 14:24:00.112025,24.175,64.952,612.558,5.001,1956.019,"
"
2025-10-27 14:25:00.114130,24.288,64.934,614.728,4.981,1954.572,"
"
2025-10-27 14:26:00.116766,24.154,65.046,612.052,4.984,1954.572,"
"
2025-10-27 14:27:00.116023,24.288,65.126,609.809,4.981,1954.572,"
"
2025-10-27 14:28:00.110639,24.288,65.137,605.396,4.981,1956.019,"
"
2025-10-27 14:29:00.129092,24.288,64.855,607.133,4.981,1956.019,"
"
2025-10-27 14:30:00.115716,24.288,65.043,604.818,4.981,1956.019,"
"
2025-10-27 14:31:00.109372,24.288,64.779,604.818,4.981,1956.019,"
"
2025-10-27 14:32:00.146092,24.405,64.934,604.818,4.981,1954.572,"
"
2025-10-27 14:33:00.115425,24.288,65.046,606.337,4.981,1954.572,"
"
2025-10-27 14:34:00.118709,24.436,64.761,612.268,4.981,1956.019,"
"
2025-10-27 14:35:00.125344,24.288,64.952,609.809,4.981,1954.572,"
"
2025-10-27 14:36:00.139722,24.362,64.851,609.809,4.962,1956.019,"
"
2025-10-27 14:37:00.143508,24.436,65.043,609.809,4.962,1956.019,"
"
2025-10-27 14:38:00.139760,24.288,65.354,609.809,4.930,1953.125,"
"
2025-10-27 14:39:00.151860,24.379,65.336,612.268,4.930,1953.125,"
"
2025-10-27 14:40:00.109504,24.293,65.459,612.268,4.950,1953.125,"
"
2025-10-27 14:41:00.127843,24.306,65.459,615.017,4.981,1956.019,"
"
2025-10-27 14:42:00.128076,24.436,65.336,616.247,4.984,1956.019,"
"
2025-10-27 14:43:00.116097,24.449,65.249,619.647,4.984,1954.572,"
"
2025-10-27 14:44:00.131405,24.436,65.256,618.417,4.984,1954.572,"
"
2025-10-27 14:45:00.343809,24.436,65.242,617.188,4.981,1956.019,"
"
2025-10-27 14:46:00.144575,24.436,65.162,617.188,4.981,1956.019,"
"
2025-10-27 14:47:00.116385,24.436,65.242,617.766,4.981,1954.572,"
"
2025-10-27 14:48:00.112735,24.436,65.256,620.226,4.981,1954.572,"
"
2025-10-27 14:49:00.188619,24.436,64.048,622.107,4.984,1954.572,"
"
2025-10-27 14:50:00.112048,24.436,65.459,622.107,4.981,1954.572,"
"
2025-10-27 14:51:00.121458,24.440,61.740,622.179,4.981,1954.572,"
"
2025-10-27 14:52:00.129967,24.553,64.648,619.647,4.984,1954.572,"
"
2025-10-27 14:53:00.155440,24.436,64.753,617.188,4.981,1954.572,"
"
2025-10-27 14:54:00.120775,24.436,64.927,617.188,4.981,1954.572,"
"
2025-10-27 14:55:00.165426,24.583,64.851,614.728,4.981,1954.572,"
"
2025-10-27 14:56:00.154596,24.436,63.940,617.188,4.981,1956.019,"
"
2025-10-27 14:57:00.120404,24.436,64.956,617.188,4.981,1954.572,"
"
2025-10-27 14:58:00.108911,24.436,65.035,618.345,4.981,1954.572,"
"
2025-10-27 14:59:00.116234,24.436,64.471,622.107,4.981,1954.572,"
"
2025-10-27 15:00:00.133157,24.588,64.464,622.251,4.984,1956.019,"
"
2025-10-27 15:01:00.355001,24.583,64.952,624.638,4.981,1956.019,"
"
2025-10-27 15:02:00.116866,24.583,65.140,627.098,4.984,1954.572,"
"
2025-10-27 15:03:00.111229,24.436,64.931,627.098,4.981,1954.572,"
"
2025-10-27 15:04:00.118135,24.583,64.927,627.098,4.981,1954.572,"
"
2025-10-27 15:05:00.155188,24.583,65.140,629.991,4.962,1954.572,"
"
2025-10-27 15:06:00.120741,24.570,64.876,629.557,4.962,1954.572,"
"
2025-10-27 15:07:00.118608,24.510,64.931,629.557,4.981,1954.572,"
"
2025-10-27 15:08:00.131590,24.549,64.547,629.557,4.962,1954.572,"
"
2025-10-27 15:09:00.135672,24.588,64.457,632.017,4.943,1950.231,"
"
2025-10-27 15:10:00.132116,24.609,64.757,632.306,4.930,1950.231,"
"
2025-10-27 15:11:00.115101,24.583,65.137,629.557,4.950,1950.231,"
"
2025-10-27 15:12:00.115374,24.583,65.234,631.800,4.963,1950.231,"
"
2025-10-27 15:13:00.112266,24.583,64.569,629.557,4.981,1956.019,"
"
2025-10-27 15:14:00.117340,24.583,65.039,629.123,4.981,1954.572,"
"
2025-10-27 15:15:00.112714,24.583,65.133,631.655,4.984,1956.019,"
"
2025-10-27 15:16:00.143494,24.549,65.332,632.017,4.981,1954.572,"
"
2025-10-27 15:17:00.114874,24.583,65.560,634.187,4.984,1954.572,"
"
2025-10-27 15:18:01.360000,24.583,65.650,636.936,4.984,1954.572,"
"
2025-10-27 15:19:00.131374,24.583,65.549,634.476,4.981,1954.572,"
"
2025-10-27 15:20:00.190625,24.583,65.741,634.476,4.984,1954.572,"
"
2025-10-27 15:21:00.146623,24.583,65.639,634.476,4.984,1954.572,"
"
2025-10-27 15:22:00.124891,24.583,65.538,636.936,4.981,1954.572,"
"
2025-10-27 15:23:00.159830,24.583,65.759,636.936,4.981,1954.572,"
"
2025-10-27 15:24:00.139550,24.583,65.871,636.936,4.981,1954.572,"
"
2025-10-27 15:25:00.109650,24.583,65.658,636.936,4.981,1954.572,"
"
2025-10-27 15:26:00.156396,24.583,65.661,636.936,4.981,1954.572,"
"
2025-10-27 15:27:00.149480,24.653,65.336,641.855,4.981,1956.019,"
"
2025-10-27 15:28:00.242924,24.583,64.746,644.314,4.981,1954.572,"
"
2025-10-27 15:29:00.353722,24.579,65.549,642.433,4.963,1957.465,"
"
2025-10-27 15:30:00.138359,24.583,65.556,641.855,4.981,1954.572,"
"
2025-10-27 15:31:00.153079,24.583,65.632,644.314,4.984,1954.572,"
"
2025-10-27 15:32:00.131245,24.583,65.336,644.314,5.003,1954.572,"
"
2025-10-27 15:33:00.111094,24.583,65.647,646.846,5.001,1954.572,"
"
2025-10-27 15:34:00.124127,24.583,66.092,644.314,5.001,1954.572,"
"
2025-10-27 15:35:00.141957,24.618,66.258,649.306,5.003,1954.572,"
"
2025-10-27 15:36:00.152043,24.588,66.345,651.765,5.001,1954.572,"
"
2025-10-27 15:37:00.131731,24.510,66.565,649.306,4.984,1956.019,"
"
2025-10-27 15:38:00.154242,24.583,65.538,651.765,4.984,1954.572,"
"
2025-10-27 15:39:00.866944,24.731,66.649,654.224,4.984,1954.572,"
"
2025-10-27 15:40:01.908065,24.674,66.952,652.271,4.943,1950.231,"
"
2025-10-27 15:41:00.133846,24.592,66.652,652.995,4.950,1953.125,"
"
2025-10-27 15:42:00.148601,24.722,66.981,651.765,4.962,1950.231,"
"
2025-10-27 15:43:00.142598,24.618,66.761,651.765,4.963,1950.231,"
"
2025-10-27 15:44:00.125836,24.731,66.659,654.224,4.981,1954.572,"
"
2025-10-27 15:45:00.151864,24.666,66.670,651.765,4.981,1956.019,"
"
2025-10-27 15:46:00.119325,24.618,66.356,651.765,4.984,1956.019,"
"
2025-10-27 15:47:00.132506,24.731,66.468,651.765,4.984,1954.572,"
"
2025-10-27 15:48:00.127289,24.731,66.471,656.178,4.981,1954.572,"
"
2025-10-27 15:49:00.358478,24.705,66.356,656.684,4.981,1954.572,"
"
2025-10-27 15:50:00.340391,24.731,66.254,654.224,4.981,1954.572,"
"
2025-10-27 15:51:00.348062,24.731,66.171,654.080,4.984,1954.572,"
"
2025-10-27 15:52:00.130674,24.731,65.972,652.054,4.981,1954.572,"
"
2025-10-27 15:53:00.377215,24.731,66.095,654.008,4.984,1956.019,"
"
2025-10-27 15:54:00.141250,24.614,65.759,649.306,4.984,1954.572,"
"
2025-10-27 15:55:00.148500,24.727,65.560,649.306,4.981,1954.572,"
"
2025-10-27 15:56:00.168124,24.731,64.558,646.846,4.984,1954.572,"
"
2025-10-27 15:57:00.149637,24.731,65.054,644.893,4.981,1956.019,"
"
2025-10-27 15:58:00.131873,24.705,65.545,643.012,4.981,1954.572,"
"
2025-10-27 15:59:00.135426,24.744,65.444,641.855,4.981,1956.019,"
"
2025-10-27 16:00:00.139396,24.731,65.748,641.855,4.984,1956.019,"
"
2025-10-27 16:01:00.367625,24.805,65.140,641.855,4.981,1954.572,"
"
2025-10-27 16:02:00.127942,24.878,65.542,639.902,4.984,1954.572,"
"
2025-10-27 16:03:00.125687,24.731,65.444,636.936,4.981,1954.572,"
"
2025-10-27 16:04:00.182621,24.731,65.140,639.395,4.984,1954.572,"
"
2025-10-27 16:05:00.335006,24.596,64.851,636.936,4.984,1956.019,"
"
2025-10-27 16:06:00.133392,24.661,64.862,636.936,4.981,1954.572,"
"
2025-10-27 16:07:00.349842,24.731,65.133,636.791,5.003,1956.019,"
"
2025-10-27 16:08:00.141488,24.731,64.352,634.476,4.984,1956.019,"
"
2025-10-27 16:09:00.125904,24.731,64.931,634.476,4.981,1956.019,"
"
2025-10-27 16:10:00.132736,24.878,64.858,634.476,4.984,1954.572,"
"
2025-10-27 16:11:00.171834,24.870,64.753,633.247,4.963,1953.125,"
"
2025-10-27 16:12:00.168977,24.648,64.753,631.438,4.950,1950.231,"
"
2025-10-27 16:13:00.139965,24.731,65.137,631.438,4.963,1950.231,"
"
2025-10-27 16:14:00.122502,24.731,65.542,629.557,4.981,1950.231,"
"
2025-10-27 16:15:00.143209,24.731,65.140,632.017,5.001,1954.572,"
"
2025-10-27 16:16:00.110686,24.614,65.564,632.017,5.003,1954.572,"
"
2025-10-27 16:17:00.160643,24.583,65.242,630.787,5.003,1954.572,"
"
2025-10-27 16:18:00.158915,24.731,65.766,632.017,5.003,1954.572,"
"
2025-10-27 16:19:00.166670,24.878,65.759,632.089,5.001,1954.572,"
"
2025-10-27 16:20:00.507978,24.813,65.759,634.476,4.984,1954.572,"
"
2025-10-27 16:21:00.126232,24.731,65.545,636.791,4.984,1954.572,"
"
2025-10-27 16:22:00.125288,24.770,65.875,635.706,4.984,1954.572,"
"
2025-10-27 16:23:00.155125,24.731,65.639,637.514,4.981,1954.572,"
"
2025-10-27 16:24:00.147976,24.805,65.744,639.395,4.963,1954.572,"
"
2025-10-27 16:25:00.132494,24.731,65.994,639.395,4.981,1954.572,"
"
2025-10-27 16:26:00.130383,24.731,66.077,639.395,4.965,1954.572,"
"
2025-10-27 16:27:00.151307,24.870,65.983,639.468,4.962,1954.572,"
"
2025-10-27 16:28:00.133589,24.861,65.871,640.987,4.963,1954.572,"
"
2025-10-27 16:29:00.110353,24.731,65.969,636.936,4.963,1954.572,"
"
2025-10-27 16:30:00.110763,24.731,65.643,636.936,4.984,1954.572,"
"
2025-10-27 16:31:00.112683,24.601,65.969,636.936,4.984,1953.125,"
"
2025-10-27 16:32:00.111905,24.731,66.073,634.549,4.984,1954.572,"
"
2025-10-27 16:33:00.130961,24.731,65.661,636.936,4.981,1954.572,"
"
2025-10-27 16:34:00.123077,24.731,66.077,636.936,4.981,1954.572,"
"
2025-10-27 16:35:00.138139,24.731,65.875,635.706,4.984,1956.019,"
"
2025-10-27 16:36:00.144367,24.878,65.744,636.936,4.981,1954.572,"
"
2025-10-27 16:37:00.124926,24.744,66.254,634.476,4.962,1954.572,"
"
2025-10-27 16:38:00.145629,24.731,65.658,634.476,4.963,1954.572,"
"
2025-10-27 16:39:00.124771,24.731,66.251,632.017,4.963,1954.572,"
"
2025-10-27 16:40:00.135983,24.731,66.276,634.476,4.963,1954.572,"
"
2025-10-27 16:41:00.161718,24.744,66.001,636.719,4.963,1956.019,"
"
2025-10-27 16:42:00.120844,24.731,66.077,639.395,4.930,1950.231,"
"
2025-10-27 16:43:00.117019,24.731,66.081,641.855,4.930,1950.231,"
"
2025-10-27 16:44:00.424741,24.731,66.081,641.855,4.950,1950.231,"
"
2025-10-27 16:45:00.165070,24.861,65.972,647.786,4.984,1950.231,"
"
2025-10-27 16:46:00.109428,24.792,66.189,649.306,4.984,1954.572,"
"
2025-10-27 16:47:00.346510,24.731,66.175,648.655,4.981,1954.572,"
"
2025-10-27 16:48:00.146943,24.722,65.455,644.314,4.984,1954.572,"
"
2025-10-27 16:49:00.131578,24.601,65.658,643.084,4.981,1954.572,"
"
2025-10-27 16:50:00.152864,24.661,65.972,639.395,5.072,1954.572,"
"
2025-10-27 16:51:00.166668,24.722,66.088,636.936,5.120,1954.572,"
"
2025-10-27 16:52:00.144543,24.731,65.744,636.936,5.141,1954.572,"
"
2025-10-27 16:53:00.178214,24.731,65.741,636.936,5.152,1954.572,"
"
2025-10-27 16:54:00.128622,24.731,65.976,634.332,5.152,1954.572,"
"
2025-10-27 16:55:01.150251,24.731,65.643,632.017,5.141,1954.572,"
"
2025-10-27 16:56:00.147160,24.731,66.356,632.017,5.112,1954.572,"
"
2025-10-27 16:57:00.198880,24.731,66.189,632.017,5.233,1954.572,"
"
2025-10-27 16:58:00.127159,24.731,65.762,631.872,5.253,1954.572,"
"
2025-10-27 16:59:00.163080,24.731,66.073,629.557,5.272,1954.572,"
"
2025-10-27 17:00:00.141217,24.731,66.482,629.557,5.282,1954.572,"
"
2025-10-27 17:01:00.165682,24.735,65.647,632.017,5.282,1954.572,"
"
2025-10-27 17:02:00.131696,24.878,66.366,632.306,5.293,1954.572,"
"
2025-10-27 17:03:00.119657,24.822,66.453,632.017,5.303,1954.572,"
"
2025-10-27 17:04:00.130024,24.800,66.450,632.017,5.313,1954.572,"
"
2025-10-27 17:05:00.132620,24.731,66.457,634.476,5.313,1954.572,"
"
2025-10-27 17:06:00.130013,24.878,66.471,632.306,5.313,1954.572,"
"
2025-10-27 17:07:00.350092,24.878,66.377,634.476,5.313,1954.572,"
"
2025-10-27 17:08:00.159841,24.878,66.077,634.332,5.322,1954.572,"
"
2025-10-27 17:09:00.167102,24.731,66.258,636.646,5.322,1954.572,"
"
2025-10-27 17:10:00.161611,24.839,66.464,636.936,5.322,1954.572,"
"
2025-10-27 17:11:00.157552,24.731,66.555,634.476,5.322,1954.572,"
"
2025-10-27 17:12:00.135436,24.731,66.073,636.429,5.293,1954.572,"
"
2025-10-27 17:13:00.162329,24.731,66.092,636.936,5.293,1953.125,"
"
2025-10-27 17:14:00.145587,24.731,66.251,639.395,5.313,1953.125,"
"
2025-10-27 17:15:00.115542,24.731,66.453,639.395,5.333,1950.231,"
"
2025-10-27 17:16:00.597547,24.731,65.885,639.395,5.373,1950.231,"
"
2025-10-27 17:17:00.111358,24.731,66.099,639.395,5.421,1954.572,"
"
2025-10-27 17:18:00.370045,24.878,66.251,639.540,5.414,1954.572,"
"
2025-10-27 17:19:00.128922,24.891,66.370,639.468,5.421,1954.572,"
"
2025-10-27 17:20:00.159797,24.731,65.976,639.395,5.253,1954.572,"
"
2025-10-27 17:21:00.135844,24.731,65.878,638.455,5.182,1954.572,"
"
2025-10-27 17:22:00.894479,24.878,65.976,639.395,5.142,1954.572,"
"
2025-10-27 17:23:00.355886,24.731,66.077,636.791,5.120,1954.572,"
"
2025-10-27 17:24:00.149534,24.731,66.562,634.476,5.374,1954.572,"
"
2025-10-27 17:25:00.114672,24.731,66.254,632.595,5.475,1954.572,"
"
2025-10-27 17:26:00.130901,24.731,66.204,632.017,5.482,1954.572,"
"
2025-10-27 17:27:00.136205,24.878,66.178,634.476,5.434,1954.572,"
"
2025-10-27 17:28:00.163267,24.844,65.983,631.293,5.514,1954.572,"
"
2025-10-27 17:29:00.119252,24.731,66.659,631.583,5.532,1954.572,"
"
2025-10-27 17:30:00.130164,24.731,66.359,629.557,5.524,1954.572,"
"
2025-10-27 17:31:00.121767,24.731,66.254,629.557,5.543,1956.019,"
"
2025-10-27 17:32:00.156412,24.731,65.979,629.557,5.624,1954.572,"
"
2025-10-27 17:33:00.125022,24.731,65.574,629.557,5.673,1954.572,"
"
2025-10-27 17:34:00.170576,24.731,65.643,629.557,5.713,1954.572,"
"
2025-10-27 17:35:00.127788,24.731,65.361,627.098,5.704,1954.572,"
"
2025-10-27 17:36:00.122382,24.865,64.457,627.098,5.653,1954.572,"
"
2025-10-27 17:37:00.150256,24.731,64.254,624.566,5.613,1954.572,"
"
2025-10-27 17:38:00.146694,24.718,65.545,619.792,5.592,1954.572,"
"
2025-10-27 17:39:00.138103,24.583,62.659,617.188,5.643,1954.572,"
"
2025-10-27 17:40:00.152191,24.731,64.457,612.847,5.673,1954.572,"
"
2025-10-27 17:41:00.498611,24.731,64.164,609.809,5.704,1954.572,"
"
2025-10-27 17:42:00.111602,24.731,65.151,609.809,5.753,1954.572,"
"
2025-10-27 17:43:00.114390,24.731,64.478,608.579,5.624,1954.572,"
"
2025-10-27 17:44:00.151118,24.766,64.688,608.507,5.653,1950.231,"
"
2025-10-27 17:45:00.120184,24.805,65.039,609.447,5.683,1950.231,"
"
2025-10-27 17:46:00.514409,24.731,64.858,607.277,5.733,1953.125,"
"
2025-10-27 17:47:00.124520,24.674,65.249,607.277,5.764,1953.125,"
"
2025-10-27 17:48:00.138003,24.601,65.451,607.277,5.845,1954.572,"
"
2025-10-27 17:49:00.138442,24.583,65.343,609.520,5.866,1956.019,"
"
2025-10-27 17:50:00.168028,24.670,65.889,609.809,5.866,1954.572,"
"
2025-10-27 17:51:00.180502,24.731,66.081,609.809,5.905,1954.572,"
"
2025-10-27 17:52:00.176234,24.731,66.254,610.026,5.905,1954.572,"
"
2025-10-27 17:53:00.151847,24.731,66.573,614.728,5.912,1954.572,"
"
2025-10-27 17:54:00.119936,24.718,66.775,612.847,5.925,1954.572,"
"
2025-10-27 17:55:00.117732,24.588,65.549,614.728,5.905,1954.572,"
"
2025-10-27 17:56:00.157952,24.731,65.878,614.728,5.935,1954.572,"
"
2025-10-27 17:57:00.914631,24.727,66.652,617.188,5.935,1954.572,"
"
2025-10-27 17:58:00.106196,24.696,66.573,617.188,5.935,1954.572,"
"
2025-10-27 17:59:00.141221,24.661,66.659,615.668,5.946,1954.572,"
"
2025-10-27 18:00:00.122294,24.583,66.457,614.728,5.946,1954.572,"
"
2025-10-27 18:01:00.130862,24.731,66.073,617.188,5.955,1954.572,"
"
2025-10-27 18:02:00.134515,24.718,66.243,617.188,5.975,1954.572,"
"
2025-10-27 18:03:00.131450,24.583,65.867,617.188,5.982,1954.572,"
"
2025-10-27 18:04:00.143316,24.688,66.858,617.188,6.016,1954.572,"
"
2025-10-27 18:05:00.182472,24.583,66.450,617.188,6.024,1954.572,"
"
2025-10-27 18:06:00.351931,24.731,66.974,617.188,6.024,1954.572,"
"
2025-10-27 18:07:00.372683,24.583,66.855,619.647,6.034,1954.572,"
"
2025-10-27 18:08:00.182816,24.583,66.960,617.188,6.016,1954.572,"
"
2025-10-27 18:09:00.127799,24.592,66.464,619.647,6.024,1954.572,"
"
2025-10-27 18:10:00.156852,24.731,67.546,622.107,6.024,1954.572,"
"
2025-10-27 18:11:00.128330,24.583,67.274,620.804,6.034,1954.572,"
"
2025-10-27 18:12:00.184665,24.583,67.376,622.107,6.044,1954.572,"
"
2025-10-27 18:13:00.117079,24.583,67.636,624.566,5.955,1954.572,"
"
2025-10-27 18:14:00.149868,24.583,67.632,625.506,5.733,1954.572,"
"
2025-10-27 18:15:00.122014,24.583,67.741,624.566,5.421,1950.231,"
"
2025-10-27 18:16:00.167285,24.583,66.869,627.098,5.362,1950.231,"
"
2025-10-27 18:17:00.160900,24.583,67.542,629.557,5.334,1950.231,"
"
2025-10-27 18:18:00.160588,24.705,67.368,632.017,5.293,1953.125,"
"
2025-10-27 18:19:00.129253,24.583,67.372,629.557,5.293,1954.572,"
"
2025-10-27 18:20:00.486102,24.583,67.159,629.557,6.247,1954.572,"
"
2025-10-27 18:21:00.149010,24.583,67.057,629.557,6.396,1954.572,"
"
2025-10-27 18:22:00.171846,24.583,66.967,627.315,6.448,1954.572,"
"
2025-10-27 18:23:00.135405,24.583,67.159,627.098,6.458,1954.572,"
"
2025-10-27 18:24:00.158520,24.583,67.542,625.506,6.427,1954.572,"
"
2025-10-27 18:25:00.882817,24.583,67.546,624.566,6.396,1954.572,"
"
2025-10-27 18:26:00.161682,24.583,66.956,623.192,6.347,1954.572,"
"
2025-10-27 18:27:00.166591,24.718,67.278,624.566,6.340,1954.572,"
"
2025-10-27 18:28:00.115999,24.583,67.553,624.566,6.338,1954.572,"
"
2025-10-27 18:29:00.117919,24.583,67.556,623.336,6.277,1954.572,"
"
2025-10-27 18:30:00.171404,24.583,67.640,622.107,6.204,1954.572,"
"
2025-10-27 18:31:00.135999,24.583,67.061,621.528,6.437,1954.572,"
"
2025-10-27 18:32:00.120462,24.583,67.535,619.719,6.417,1954.572,"
"
2025-10-27 18:33:00.126586,24.583,68.045,619.647,6.458,1954.572,"
"
2025-10-27 18:34:00.124280,24.583,67.755,619.647,6.429,1954.572,"
"
2025-10-27 18:35:00.163309,24.588,67.643,622.107,6.388,1954.572,"
"
2025-10-27 18:36:00.138081,24.588,67.546,624.349,6.409,1954.572,"
"
2025-10-27 18:37:01.939934,24.583,68.045,621.166,6.437,1954.572,"
"
2025-10-27 18:38:00.157420,24.583,68.063,619.647,6.437,1954.572,"
"
2025-10-27 18:39:00.164564,24.583,68.157,619.647,6.489,1956.019,"
"
2025-10-27 18:40:00.117893,24.583,68.160,619.647,6.489,1954.572,"
"
2025-10-27 18:41:00.116487,24.583,68.059,619.647,6.437,1956.019,"
"
2025-10-27 18:42:00.194535,24.583,67.947,619.647,6.457,1954.572,"
"
2025-10-27 18:43:00.119854,24.583,67.965,619.647,6.427,1954.572,"
"
2025-10-27 18:44:00.146609,24.661,67.958,622.107,6.489,1954.572,"
"
2025-10-27 18:45:00.144741,24.583,67.958,619.647,7.258,1954.572,"
"
2025-10-27 18:46:00.338695,24.583,67.853,622.107,7.222,1953.125,"
"
2025-10-27 18:47:00.162605,24.583,67.940,624.566,7.222,1953.125,"
"
2025-10-27 18:48:00.108411,24.583,67.459,627.098,7.242,1950.231,"
"
2025-10-27 18:49:00.160952,24.583,67.951,629.557,7.242,1954.572,"
"
2025-10-27 18:50:00.111322,24.583,67.549,632.017,7.259,1954.572,"
"
2025-10-27 18:51:00.121985,24.583,67.647,632.017,7.271,1954.572,"
"
2025-10-27 18:52:00.879243,24.583,67.177,634.476,7.259,1954.572,"
"
2025-10-27 18:53:00.132238,24.575,64.457,637.225,7.258,1954.572,"
"
2025-10-27 18:54:00.111477,24.297,63.943,634.476,7.258,1954.572,"
"
2025-10-27 18:55:00.182667,24.288,63.252,632.595,7.258,1954.572,"
"
2025-10-27 18:56:00.350423,23.993,63.147,634.476,7.259,1954.572,"
"
2025-10-27 18:57:00.120375,23.919,63.263,634.476,7.258,1954.572,"
"
2025-10-27 18:58:00.126830,23.702,63.151,634.476,7.259,1954.572,"
"
2025-10-27 18:59:00.119116,23.694,63.274,636.936,7.258,1954.572,"
"
2025-10-27 19:00:00.120528,23.546,63.061,636.936,7.258,1954.572,"
"
2025-10-27 19:01:00.114490,23.546,62.750,639.395,7.258,1954.572,"
"
2025-10-27 19:02:00.115244,23.398,62.543,636.936,7.258,1954.572,"
"
2025-10-27 19:03:00.138321,23.398,61.842,636.936,7.258,1954.572,"
"
2025-10-27 19:04:00.345945,23.242,61.636,639.395,7.258,1954.572,"
"
2025-10-27 19:05:00.125808,23.103,61.527,641.782,7.258,1954.572,"
"
2025-10-27 19:06:00.400179,23.103,61.827,646.846,7.258,1954.572,"
"
2025-10-27 19:07:00.124118,23.086,61.954,646.846,7.258,1954.572,"
"
2025-10-27 19:08:00.157531,22.882,61.523,646.846,7.258,1954.572,"
"
2025-10-27 19:09:00.133308,22.843,61.216,652.995,7.258,1954.572,"
"
2025-10-27 19:10:00.123116,22.956,62.229,659.143,7.258,1954.572,"
"
2025-10-27 19:11:00.166347,22.808,61.321,661.603,7.258,1954.572,"
"
2025-10-27 19:12:00.163901,22.778,61.842,662.833,7.258,1954.572,"
"
2025-10-27 19:13:00.119477,22.687,62.533,664.352,7.258,1954.572,"
"
2025-10-27 19:14:00.119517,22.808,62.023,664.062,7.258,1954.572,"
"
2025-10-27 19:15:00.118380,22.747,61.520,669.054,7.258,1954.572,"
"
2025-10-27 19:16:00.118948,22.730,60.938,670.284,7.269,1954.572,"
"
2025-10-27 19:17:00.554591,22.656,60.033,671.513,7.229,1950.231,"
"
2025-10-27 19:18:00.292837,22.526,60.431,673.973,7.221,1950.231,"
"
2025-10-27 19:19:00.468406,22.656,62.739,674.117,7.241,1953.125,"
"
2025-10-27 19:20:00.148636,22.669,62.934,673.973,7.258,1953.125,"
"
2025-10-27 19:21:00.135971,22.665,63.455,676.432,7.258,1956.019,"
"
2025-10-27 19:22:00.166743,22.956,63.621,678.892,7.269,1954.572,"
"
2025-10-27 19:23:00.150558,22.956,64.044,681.062,7.269,1956.019,"
"
2025-10-27 19:24:00.146013,22.956,62.847,683.883,7.269,1954.572,"
"
2025-10-27 19:25:00.110188,22.808,61.824,686.343,7.258,1956.019,"
"
2025-10-27 19:26:00.103178,22.799,61.314,689.453,7.258,1954.572,"
"
2025-10-27 19:27:00.127396,22.656,60.938,693.721,7.258,1954.572,"
"
2025-10-27 19:28:00.118022,22.656,60.938,698.640,7.258,1954.572,"
"
2025-10-27 19:29:00.118857,22.474,60.847,703.776,7.258,1954.572,"
"
2025-10-27 19:30:00.120355,22.361,60.630,711.010,7.257,1954.572,"
"
2025-10-27 19:31:00.127203,22.361,60.543,718.388,7.258,1954.572,"
"
2025-10-27 19:32:00.115012,22.361,60.438,718.461,7.258,1956.019,"
"
2025-10-27 19:33:00.141012,22.352,60.239,723.380,7.257,1956.019,"
"
2025-10-27 19:34:00.128785,22.214,60.522,725.839,7.257,1956.019,"
"
2025-10-27 19:35:00.126070,22.214,60.525,730.758,7.258,1956.019,"
"
2025-10-27 19:36:00.130140,22.214,60.543,736.256,7.257,1954.572,"
"
2025-10-27 19:37:00.149977,22.361,60.525,743.128,7.257,1956.019,"
"
2025-10-27 19:38:00.147653,22.435,60.525,744.358,7.258,1956.019,"
"
2025-10-27 19:39:00.159776,22.214,60.438,745.587,7.257,1956.019,"
"
2025-10-27 19:40:00.116499,22.361,60.547,748.047,7.269,1954.572,"
"
2025-10-27 19:41:01.498696,22.222,60.019,757.668,7.257,1956.019,"
"
2025-10-27 19:42:00.120378,22.214,59.342,757.885,7.269,1956.019,"
"
2025-10-27 19:43:00.114343,22.066,59.129,760.706,7.257,1954.572,"
"
2025-10-27 19:44:01.507060,22.196,60.829,765.336,7.257,1956.019,"
"
2025-10-27 19:45:00.133414,22.214,61.834,767.795,7.269,1956.019,"
"
2025-10-27 19:46:01.499569,22.361,62.124,770.255,7.269,1956.019,"
"
2025-10-27 19:47:00.364488,22.509,62.533,775.174,7.257,1956.019,"
"
2025-10-27 19:48:00.131106,22.509,63.035,775.174,6.183,1956.019,"
"
2025-10-27 19:49:00.370278,22.656,63.249,777.922,5.982,1953.125,"
"
2025-10-27 19:50:00.162933,22.734,63.451,785.084,5.894,1956.019,"
"
2025-10-27 19:51:00.179529,22.661,63.621,787.543,5.811,1956.019,"
"
2025-10-27 19:52:00.154803,22.808,63.621,791.233,5.762,1956.019,"
"
2025-10-27 19:53:00.186262,22.921,63.618,794.922,5.712,1956.019,"
"
2025-10-27 19:54:00.114538,22.956,63.545,797.381,5.682,1956.019,"
"
2025-10-27 19:55:00.148519,23.103,63.560,802.373,5.642,1956.019,"
"
2025-10-27 19:56:00.184092,23.160,63.444,802.373,5.612,1956.019,"
"
2025-10-27 19:57:00.202170,23.251,63.346,804.832,5.591,1954.572,"
"
2025-10-27 19:58:00.920886,23.398,63.151,810.692,5.572,1956.019,"
"
2025-10-27 19:59:00.106000,23.398,63.140,807.364,5.542,1956.019,"
"
2025-10-27 20:00:00.119767,23.511,63.057,809.751,5.531,1954.572,"
"
2025-10-27 20:01:00.324504,23.411,62.938,812.645,5.512,1956.019,"
"
2025-10-27 20:02:00.124354,23.546,62.627,822.121,5.492,1956.019,"
"
2025-10-27 20:03:00.149046,23.398,62.449,823.134,5.482,1956.019,"
"
2025-10-27 20:04:00.186662,23.537,62.424,831.959,5.462,1954.572,"
"
2025-10-27 20:05:00.118577,23.398,62.637,831.959,5.454,1956.019,"
"
2025-10-27 20:06:00.140847,23.416,62.627,834.418,5.433,1956.019,"
"
2025-10-27 20:07:00.998216,23.546,62.750,836.806,5.433,1956.019,"
"
2025-10-27 20:08:00.124161,23.511,62.739,837.963,5.420,1956.019,"
"
2025-10-27 20:09:00.158558,23.398,62.833,841.869,5.403,1956.019,"
"
2025-10-27 20:10:00.115690,23.546,62.844,849.103,5.403,1956.019,"
"
2025-10-27 20:11:00.113393,23.546,62.941,846.788,5.393,1954.572,"
"
2025-10-27 20:12:00.185199,23.546,62.941,851.128,5.393,1956.019,"
"
2025-10-27 20:13:00.133997,23.711,62.757,851.707,5.381,1956.019,"
"
2025-10-27 20:14:00.141121,23.637,62.240,849.248,5.373,1956.019,"
"
2025-10-27 20:15:00.148901,23.455,62.319,851.562,5.362,1960.359,"
"
2025-10-27 20:16:00.144062,23.307,62.153,851.852,5.353,1956.019,"
"
2025-10-27 20:17:00.148007,23.173,62.030,854.673,5.353,1957.465,"
"
2025-10-27 20:18:00.113312,22.956,61.929,856.698,5.340,1956.019,"
"
2025-10-27 20:19:00.377835,22.808,61.827,856.698,5.320,1953.125,"
"
2025-10-27 20:20:00.344580,22.509,60.446,864.077,5.320,1953.125,"
"
2025-10-27 20:21:00.143749,22.361,60.735,866.536,5.320,1956.019,"
"
2025-10-27 20:22:00.150820,22.361,61.010,866.536,5.312,1956.019,"
"
2025-10-27 20:23:00.187838,22.140,61.212,864.077,5.320,1956.019,"
"
2025-10-27 20:24:01.188717,22.214,61.838,869.068,5.312,1956.019,"
"
2025-10-27 20:25:00.106357,22.214,61.314,871.455,5.313,1956.019,"
"
2025-10-27 20:26:00.161225,22.214,61.227,873.843,5.292,1956.019,"
"
2025-10-27 20:27:00.125361,22.066,61.212,873.987,5.292,1954.572,"
"
2025-10-27 20:28:00.142385,22.066,61.115,871.455,5.292,1956.019,"
"
2025-10-27 20:29:00.129694,22.066,60.829,871.455,5.281,1956.019,"
"
2025-10-27 20:30:00.134522,22.057,60.540,869.068,5.281,1954.572,"
"
2025-10-27 20:31:00.137802,22.062,60.626,871.672,5.281,1956.019,"
"
2025-10-27 20:32:00.123859,21.918,60.930,868.996,5.261,1953.125,"
"
2025-10-27 20:33:00.137482,22.066,60.847,871.455,5.261,1956.019,"
"
2025-10-27 20:34:00.186554,21.918,60.225,870.877,5.261,1956.019,"
"
2025-10-27 20:35:00.133484,21.918,62.634,871.455,5.261,1956.019,"
"
2025-10-27 20:36:00.140393,22.066,63.245,871.528,5.241,1956.019,"
"
2025-10-27 20:37:00.183083,22.214,63.614,874.204,5.241,1956.019,"
"
2025-10-27 20:38:00.165389,22.335,64.124,876.447,5.241,1956.019,"
"
2025-10-27 20:39:00.871210,22.361,64.431,876.447,5.241,1956.019,"
"
2025-10-27 20:40:00.115377,22.582,64.634,881.366,5.241,1954.572,"
"
2025-10-27 20:41:00.383097,22.687,64.833,883.825,5.241,1956.019,"
"
2025-10-27 20:42:00.166181,22.656,65.028,883.753,5.232,1956.019,"
"
2025-10-27 20:43:00.335745,22.808,65.028,883.825,5.232,1956.019,"
"
2025-10-27 20:44:00.134348,22.808,65.119,883.825,5.232,1956.019,"
"
2025-10-27 20:45:00.142580,22.882,65.017,886.863,5.232,1960.359,"
"
2025-10-27 20:46:00.118805,23.047,64.833,888.166,5.221,1956.019,"
"
2025-10-27 20:47:00.128971,23.160,64.837,891.204,5.212,1956.019,"
"
2025-10-27 20:48:00.115990,23.251,64.641,893.953,5.212,1960.359,"
"
2025-10-27 20:49:00.121144,23.398,64.533,898.655,5.200,1960.359,"
"
2025-10-27 20:50:00.118079,23.312,64.442,898.148,5.161,1956.019,"
"
2025-10-27 20:51:00.122526,23.477,64.428,898.655,5.151,1953.125,"
"
2025-10-27 20:52:00.167567,23.546,64.337,896.195,5.181,1956.019,"
"
2025-10-27 20:53:00.130578,23.546,63.444,898.655,5.181,1956.019,"
"
2025-10-27 20:54:00.867727,23.394,62.645,898.655,5.191,1956.019,"
"
2025-10-27 20:55:00.118531,23.216,62.634,901.114,5.212,1954.572,"
"
2025-10-27 20:56:00.124973,23.103,62.131,901.114,5.200,1956.019,"
"
2025-10-27 20:57:00.106797,22.808,62.240,903.573,5.200,1956.019,"
"
2025-10-27 20:58:00.124332,22.951,62.442,906.033,5.200,1956.019,"
"
2025-10-27 20:59:00.130488,22.656,62.442,903.573,5.181,1956.019,"
"
2025-10-27 21:00:00.114764,22.617,61.824,903.573,5.181,1957.465,"
"
2025-10-27 21:01:00.140369,22.509,61.534,902.344,5.181,1954.572,"
"
2025-10-27 21:02:00.155707,22.509,61.422,898.944,5.181,1957.465,"
"
2025-10-27 21:03:00.121899,22.361,61.028,898.510,5.181,1954.572,"
"
2025-10-27 21:04:00.124796,22.361,60.626,896.195,5.181,1956.019,"
"
2025-10-27 21:05:00.162535,22.214,60.120,893.736,5.181,1956.019,"
"
2025-10-27 21:06:00.126278,22.214,60.326,893.736,5.181,1956.019,"
"
2025-10-27 21:07:00.140563,22.214,60.124,896.195,5.181,1956.019,"
"
2025-10-27 21:08:00.152461,22.179,60.019,894.965,5.171,1956.019,"
"
2025-10-27 21:09:00.107563,21.953,59.737,891.204,5.171,1956.019,"
"
2025-10-27 21:10:00.114551,22.066,60.135,893.736,5.171,1956.019,"
"
2025-10-27 21:11:00.118710,22.066,62.033,893.736,5.171,1956.019,"
"
2025-10-27 21:12:00.118888,22.214,62.637,891.204,5.171,1956.019,"
"
2025-10-27 21:13:00.146530,22.361,63.035,888.744,5.161,1956.019,"
"
2025-10-27 21:14:00.126186,22.474,63.440,885.055,5.161,1956.019,"
"
2025-10-27 21:15:00.113783,22.509,63.723,883.825,5.160,1956.019,"
"
2025-10-27 21:16:00.119139,22.674,63.936,883.825,5.160,1956.019,"
"
2025-10-27 21:17:00.142222,22.804,64.225,884.332,5.161,1956.019,"
"
2025-10-27 21:18:00.134166,22.804,64.225,886.285,5.161,1956.019,"
"
2025-10-27 21:19:01.204261,22.808,64.232,886.285,5.161,1956.019,"
"
2025-10-27 21:20:00.138224,22.956,64.330,881.366,5.151,1957.465,"
"
2025-10-27 21:21:00.129222,23.082,64.243,881.366,5.132,1956.019,"
"
2025-10-27 21:22:00.346855,23.103,64.037,883.825,5.151,1956.019,"
"
2025-10-27 21:23:00.112059,23.251,64.037,883.825,5.151,1956.019,"
"
2025-10-27 21:24:00.133944,23.398,63.925,878.906,5.151,1956.019,"
"
2025-10-27 21:25:00.125866,23.398,63.817,883.825,5.160,1956.019,"
"
2025-10-27 21:26:01.974931,23.520,63.719,881.944,5.161,1956.019,"
"
2025-10-27 21:27:00.129054,23.533,63.621,882.812,5.151,1956.019,"
"
2025-10-27 21:28:00.138304,23.546,63.621,881.366,5.151,1957.465,"
"
2025-10-27 21:29:00.129445,23.546,63.625,881.366,5.140,1956.019,"
"
2025-10-27 21:30:00.114014,23.650,63.545,878.906,5.132,1956.019,"
"
2025-10-27 21:31:01.300250,23.694,63.448,878.906,5.132,1957.465,"
"
2025-10-27 21:32:00.128875,23.685,62.439,878.906,5.132,1960.359,"
"
2025-10-27 21:33:00.134261,23.398,61.925,878.906,5.132,1957.465,"
"
2025-10-27 21:34:00.117961,23.242,61.719,878.906,5.132,1957.465,"
"
2025-10-27 21:35:00.143560,22.951,61.929,873.336,5.132,1957.465,"
"
2025-10-27 21:36:00.892108,22.808,61.921,869.575,5.132,1956.019,"
"
2025-10-27 21:37:00.144408,22.639,61.422,866.536,5.132,1956.019,"
"
2025-10-27 21:38:00.112346,22.509,60.948,866.536,5.132,1956.019,"
"
2025-10-27 21:39:00.125907,22.474,60.630,866.536,5.132,1956.019,"
"
2025-10-27 21:40:00.110554,22.361,60.033,864.077,5.132,1954.572,"
"
2025-10-27 21:41:00.116897,22.214,60.543,861.617,5.132,1954.572,"
"
2025-10-27 21:42:00.126071,22.214,62.728,859.158,5.132,1956.019,"
"
2025-10-27 21:43:00.141424,22.509,63.339,858.869,5.132,1956.019,"
"
2025-10-27 21:44:00.134996,22.648,63.621,860.966,5.132,1956.019,"
"
2025-10-27 21:45:00.111354,22.656,63.925,856.698,5.141,1960.359,"
"
2025-10-27 21:46:00.129927,22.656,64.337,856.698,5.151,1960.359,"
"
2025-10-27 21:47:00.132199,22.778,64.648,851.707,5.151,1957.465,"
"
2025-10-27 21:48:00.157499,22.808,64.837,849.248,5.141,1957.465,"
"
2025-10-27 21:49:00.137006,22.808,65.032,851.128,5.141,1960.359,"
"
2025-10-27 21:50:00.145696,22.956,65.119,849.248,5.132,1960.359,"
"
2025-10-27 21:51:01.302716,23.103,65.119,846.788,5.132,1960.359,"
"
2025-10-27 21:52:00.110098,23.121,65.014,846.788,5.100,1956.019,"
"
2025-10-27 21:53:00.152639,23.251,64.837,844.980,5.100,1956.019,"
"
2025-10-27 21:54:00.114334,23.251,64.750,836.950,5.111,1956.019,"
"
2025-10-27 21:55:00.145278,23.286,64.554,834.418,5.120,1956.019,"
"
2025-10-27 21:56:00.127061,23.398,64.439,831.959,5.132,1956.019,"
"
2025-10-27 21:57:00.117896,23.398,64.337,829.499,5.151,1956.019,"
"
2025-10-27 21:58:00.121965,23.546,64.229,827.040,5.151,1956.019,"
"
2025-10-27 21:59:00.125218,23.685,64.232,827.040,5.141,1960.359,"
"
2025-10-27 22:00:00.133638,23.581,64.135,824.580,5.151,1957.465,"
"
2025-10-27 22:01:00.195491,23.772,64.117,829.499,5.141,1960.359,"
"
2025-10-27 22:02:00.136563,23.837,63.339,826.895,5.132,1957.465,"
"
2025-10-27 22:03:00.122681,23.546,62.229,822.121,5.132,1960.359,"
"
2025-10-27 22:04:00.226039,23.251,61.914,819.661,5.132,1960.359,"
"
2025-10-27 22:05:00.152904,23.099,62.019,819.661,5.132,1957.465,"
"
2025-10-27 22:06:00.150303,22.808,62.294,822.049,5.132,1957.465,"
"
2025-10-27 22:07:00.228929,22.695,61.809,819.878,5.120,1956.019,"
"
2025-10-27 22:08:00.107210,22.656,61.404,819.661,5.119,1957.465,"
"
2025-10-27 22:09:00.155515,22.509,61.003,819.661,5.119,1960.359,"
"
2025-10-27 22:10:00.114187,22.361,60.312,822.121,5.120,1957.465,"
"
2025-10-27 22:11:00.114152,22.331,60.901,820.891,5.120,1957.465,"
"
2025-10-27 22:12:00.128486,22.361,63.024,817.202,5.120,1960.359,"
"
2025-10-27 22:13:00.144753,22.509,63.618,814.453,5.120,1960.359,"
"
2025-10-27 22:14:00.117402,22.509,63.918,807.292,5.120,1957.465,"
"
2025-10-27 22:15:00.124669,22.656,64.319,806.351,5.120,1960.359,"
"
2025-10-27 22:16:00.122485,22.726,64.428,804.832,5.119,1960.359,"
"
2025-10-27 22:17:00.132381,22.656,64.833,804.326,5.120,1960.359,"
"
2025-10-27 22:18:00.135390,22.808,65.003,799.913,5.120,1960.359,"
"
2025-10-27 22:19:00.125795,22.956,65.209,799.913,5.119,1960.359,"
"
2025-10-27 22:20:00.132973,23.095,65.318,799.913,5.119,1960.359,"
"
2025-10-27 22:21:00.175272,23.103,65.307,797.381,5.119,1960.359,"
"
2025-10-27 22:22:00.152047,23.160,65.209,794.922,5.111,1960.359,"
"
2025-10-27 22:23:00.113758,23.177,65.104,792.028,5.082,1956.019,"
"
2025-10-27 22:24:00.106149,23.251,64.909,790.003,5.091,1956.019,"
"
2025-10-27 22:25:00.129672,23.398,64.999,792.462,5.100,1956.019,"
"
2025-10-27 22:26:00.110800,23.398,64.833,788.122,5.099,1956.019,"
"
2025-10-27 22:27:00.108167,23.429,64.627,785.663,5.120,1956.019,"
"
2025-10-27 22:28:00.128970,23.546,64.533,782.697,5.119,1956.019,"
"
2025-10-27 22:29:01.202955,23.694,64.522,784.578,5.132,1960.359,"
"
2025-10-27 22:30:00.125359,23.581,64.525,782.624,5.120,1957.465,"
"
2025-10-27 22:31:00.116943,23.607,63.726,777.633,5.119,1960.359,"
"
2025-10-27 22:32:00.151990,23.546,62.822,778.646,5.120,1957.465,"
"
2025-10-27 22:33:00.127088,23.251,62.735,775.174,5.119,1960.359,"
"
2025-10-27 22:34:00.123163,23.103,62.424,772.714,5.120,1960.359,"
"
2025-10-27 22:35:00.130368,22.951,61.918,772.714,5.119,1957.465,"
"
2025-10-27 22:36:00.129576,22.791,61.914,772.714,5.111,1960.359,"
"
2025-10-27 22:37:00.164642,22.656,61.816,770.255,5.099,1960.359,"
"
2025-10-27 22:38:00.315098,22.526,61.310,770.255,5.099,1960.359,"
"
2025-10-27 22:39:00.149769,22.500,61.107,767.795,5.111,1960.359,"
"
2025-10-27 22:40:00.126253,22.214,60.717,767.795,5.099,1960.359,"
"
2025-10-27 22:41:00.127702,22.066,60.225,765.336,5.099,1960.359,"
"
2025-10-27 22:42:00.129166,22.214,62.627,762.876,5.099,1960.359,"
"
2025-10-27 22:43:00.126044,22.248,63.426,760.417,5.111,1960.359,"
"
2025-10-27 22:44:00.140803,22.509,63.708,765.263,5.119,1960.359,"
"
2025-10-27 22:45:00.121018,22.509,64.117,762.876,5.119,1957.465,"
"
2025-10-27 22:46:00.135620,22.622,64.533,762.876,5.111,1960.359,"
"
2025-10-27 22:47:00.117934,22.769,64.739,762.876,5.111,1960.359,"
"
2025-10-27 22:48:00.131326,22.752,65.111,758.030,5.381,1960.359,"
"
2025-10-27 22:49:00.127911,22.808,65.412,762.297,6.716,1960.359,"
"
2025-10-27 22:50:00.159605,22.808,65.408,760.417,6.834,1960.359,"
"
2025-10-27 22:51:00.140121,22.951,65.415,757.885,5.773,1957.465,"
"
2025-10-27 22:52:00.192997,23.030,65.310,755.425,6.487,1960.359,"
"
2025-10-27 22:53:00.141059,23.251,65.314,752.966,7.290,1960.359,"
"
2025-10-27 22:54:00.172935,23.251,65.111,750.506,5.784,1954.572,"
"
2025-10-27 22:55:01.186925,23.251,65.310,748.047,5.591,1956.019,"
"
2025-10-27 22:56:00.166508,23.472,65.010,750.506,5.492,1956.019,"
"
2025-10-27 22:57:00.157805,23.546,64.833,744.647,5.433,1956.019,"
"
2025-10-27 22:58:00.151648,23.546,65.014,743.128,5.393,1956.019,"
"
2025-10-27 22:59:00.143296,23.546,64.742,741.175,5.353,1956.019,"
"
2025-10-27 23:00:00.135545,23.694,64.634,740.668,5.333,1957.465,"
"
2025-10-27 23:01:00.987621,23.581,64.634,743.128,5.313,1957.465,"
"
2025-10-27 23:02:00.162709,23.694,64.634,740.668,7.290,1960.359,"
"
2025-10-27 23:03:00.172535,23.733,64.634,736.256,7.277,1957.465,"
"
2025-10-27 23:04:00.134354,23.845,63.437,738.137,7.269,1957.465,"
"
2025-10-27 23:05:00.127780,23.546,62.728,738.137,7.277,1960.359,"
"
2025-10-27 23:06:00.122275,23.307,62.826,740.017,7.269,1960.359,"
"
2025-10-27 23:07:00.143119,23.103,62.829,738.137,7.269,1957.465,"
"
2025-10-27 23:08:00.130528,22.808,62.627,735.749,7.269,1960.359,"
"
2025-10-27 23:09:00.172413,22.804,62.131,735.243,7.269,1957.465,"
"
2025-10-27 23:10:00.124336,22.656,61.914,733.073,7.269,1960.359,"
"
2025-10-27 23:11:00.158643,22.509,61.614,728.299,7.269,1957.465,"
"
2025-10-27 23:12:00.133064,22.500,61.212,728.299,7.269,1960.359,"
"
2025-10-27 23:13:00.134007,22.214,60.623,728.299,7.258,1957.465,"
"
2025-10-27 23:14:00.178347,22.214,60.424,730.758,7.263,1960.359,"
"
2025-10-27 23:15:00.119500,22.140,60.022,725.839,7.257,1960.359,"
"
2025-10-27 23:16:00.138619,22.066,62.728,723.669,7.268,1960.359,"
"
2025-10-27 23:17:00.141725,22.361,63.234,723.380,7.269,1960.359,"
"
2025-10-27 23:18:00.132286,22.474,63.614,719.835,7.269,1957.465,"
"
2025-10-27 23:19:00.156663,22.509,64.019,718.244,7.269,1960.359,"
"
2025-10-27 23:20:00.138968,22.656,64.225,713.469,7.269,1957.465,"
"
2025-10-27 23:21:00.129932,22.687,64.634,713.469,7.269,1957.465,"
"
2025-10-27 23:22:00.156282,22.769,64.912,715.929,7.257,1960.359,"
"
2025-10-27 23:23:00.163133,22.951,65.119,713.542,7.268,1960.359,"
"
2025-10-27 23:24:00.990421,22.843,65.314,711.010,7.257,1957.465,"
"
2025-10-27 23:25:00.334581,23.030,65.412,709.780,6.183,1960.359,"
"
2025-10-27 23:26:01.209306,23.103,65.314,711.082,5.993,1956.019,"
"
2025-10-27 23:27:00.264708,23.103,65.209,706.670,5.912,1956.019,"
"
2025-10-27 23:28:00.188270,23.251,65.205,706.091,6.568,1957.465,"
"
2025-10-27 23:29:00.177660,23.251,65.104,703.631,6.988,1957.465,"
"
2025-10-27 23:30:01.974569,23.325,65.014,703.631,6.867,1957.465,"
"
2025-10-27 23:31:00.164798,23.398,64.916,701.099,6.827,1957.465,"
"
2025-10-27 23:32:00.153209,23.546,64.732,703.631,6.948,1957.465,"
"
2025-10-27 23:33:00.132780,23.676,64.735,704.861,6.768,1960.359,"
"
2025-10-27 23:34:00.118668,23.546,64.829,701.099,6.867,1960.359,"
"
2025-10-27 23:35:00.173023,23.611,64.634,701.099,6.858,1957.465,"
"
2025-10-27 23:36:00.127409,23.689,64.638,698.712,6.557,1957.465,"
"
2025-10-27 23:37:00.148560,23.841,64.544,698.640,6.858,1957.465,"
"
2025-10-27 23:38:00.150005,23.845,64.638,696.181,6.748,1960.359,"
"
2025-10-27 23:39:00.144595,23.789,64.428,696.181,6.669,1960.359,"
"
2025-10-27 23:40:00.125662,23.845,64.428,693.721,6.183,1957.465,"
"
2025-10-27 23:41:00.147250,23.702,64.131,695.891,6.918,1960.359,"
"
2025-10-27 23:42:00.152117,23.694,64.525,697.410,6.768,1957.465,"
"
2025-10-27 23:43:00.383639,23.546,63.824,693.721,6.979,1957.465,"
"
2025-10-27 23:44:00.138875,23.286,63.719,693.576,6.938,1957.465,"
"
2025-10-27 23:45:00.174749,23.251,63.817,691.262,7.008,1960.359,"
"
2025-10-27 23:46:00.120319,23.134,63.440,688.802,6.838,1957.465,"
"
2025-10-27 23:47:00.428007,22.947,62.927,687.283,6.899,1960.359,"
"
2025-10-27 23:48:00.177777,22.808,62.829,688.802,6.788,1957.465,"
"
2025-10-27 23:49:00.343691,22.747,62.522,686.343,6.788,1957.465,"
"
2025-10-27 23:50:00.148174,22.661,62.522,687.572,6.757,1957.465,"
"
2025-10-27 23:51:00.365722,22.808,62.301,687.862,6.790,1960.359,"
"
2025-10-27 23:52:00.139568,22.509,62.305,683.883,6.878,1960.359,"
"
2025-10-27 23:53:00.146745,22.509,61.610,683.883,7.148,1960.359,"
"
2025-10-27 23:54:00.131337,22.214,61.107,683.811,7.141,1960.359,"
"
2025-10-27 23:55:00.120932,22.214,60.518,681.351,7.249,1960.359,"
"
2025-10-27 23:56:00.121989,22.214,63.024,678.892,7.209,1956.019,"
"
2025-10-27 23:57:01.974466,22.361,64.015,681.351,7.229,1956.019,"
"
2025-10-27 23:58:00.193463,22.361,64.627,678.892,7.241,1957.465,"
"
2025-10-27 23:59:00.248365,22.396,65.003,678.819,7.241,1960.359,"
"
